acc_date	doc_text	debit	credit
19.01.21	Приход (171 от 19.01.2021)	-	37000.00
19.01.21	Приход (218 от 19.01.2021)	-	8000.00
20.01.21	Приход (986 от 20.01.2021)	-	35000.00
20.01.21	Приход (213 от 20.01.2021)	-	35000.00
20.01.21	Приход (215 от 20.01.2021)	-	35000.00
20.01.21	Приход (219 от 20.01.2021)	-	8000.00
20.01.21	Приход (234 от 20.01.2021)	-	37000.00
20.01.21	Приход (242 от 20.01.2021)	-	37000.00
20.01.21	Приход (258 от 20.01.2021)	-	37000.00
20.01.21	Приход (306 от 20.01.2021)	-	35000.00
20.01.21	Приход (333 от 20.01.2021)	-	35000.00
20.01.21	Приход (551 от 20.01.2021)	-	37000.00
21.01.21	Приход (985 от 21.01.2021)	-	35000.00
21.01.21	Приход (216 от 21.01.2021)	-	15000.00
21.01.21	Приход (220 от 21.01.2021)	-	37000.00
21.01.21	Приход (233 от 21.01.2021)	-	35000.00
21.01.21	Приход (238 от 21.01.2021)	-	37000.00
21.01.21	Приход (243 от 21.01.2021)	-	35000.00
21.01.21	Приход (256 от 21.01.2021)	-	37000.00
21.01.21	Приход (298 от 21.01.2021)	-	35000.00
21.01.21	Приход (330 от 21.01.2021)	-	37000.00
21.01.21	Приход (334 от 21.01.2021)	-	73000.00
21.01.21	Приход (336 от 21.01.2021)	-	50000.00
22.01.21	Приход (172 от 22.01.2021)	-	35000.00
22.01.21	Приход (237 от 22.01.2021)	-	20000.00
22.01.21	Приход (241 от 22.01.2021)	-	37000.00
22.01.21	Приход (259 от 22.01.2021)	-	35000.00
22.01.21	Приход (260 от 22.01.2021)	-	35000.00
22.01.21	Приход (310 от 22.01.2021)	-	35000.00
22.01.21	Приход (319 от 22.01.2021)	-	37000.00
22.01.21	Приход (320 от 22.01.2021)	-	35000.00
22.01.21	Приход (325 от 22.01.2021)	-	35000.00
22.01.21	Приход (331 от 22.01.2021)	-	35000.00
22.01.21	Приход (435 от 22.01.2021)	-	35000.00
23.01.21	Приход (235 от 23.01.2021)	-	35000.00
23.01.21	Приход (236 от 23.01.2021)	-	35000.00
23.01.21	Приход (239 от 23.01.2021)	-	35000.00
23.01.21	Приход (240 от 23.01.2021)	-	37000.00
23.01.21	Приход (244 от 23.01.2021)	-	8000.00
23.01.21	Приход (255 от 23.01.2021)	-	35000.00
23.01.21	Приход (257 от 23.01.2021)	-	37000.00
23.01.21	Приход (311 от 23.01.2021)	-	35000.00
23.01.21	Приход (326 от 23.01.2021)	-	35000.00
24.01.21	Приход (293 от 24.01.2021)	-	35000.00
24.01.21	Приход (300 от 24.01.2021)	-	35000.00
24.01.21	Приход (309 от 24.01.2021)	-	35000.00
24.01.21	Приход (321 от 24.01.2021)	-	35000.00
24.01.21	Приход (323 от 24.01.2021)	-	35000.00
24.01.21	Приход (332 от 24.01.2021)	-	35000.00
24.01.21	Приход (419 от 24.01.2021)	-	35000.00
25.01.21	Приход (212 от 25.01.2021)	-	37000.00
25.01.21	Приход (245 от 25.01.2021)	-	8000.00
25.01.21	Приход (252 от 25.01.2021)	-	37000.00
25.01.21	Приход (302 от 25.01.2021)	-	35000.00
25.01.21	Приход (307 от 25.01.2021)	-	35000.00
25.01.21	Приход (314 от 25.01.2021)	-	35000.00
25.01.21	Приход (335 от 25.01.2021)	-	145000.00
25.01.21	Приход (424 от 25.01.2021)	-	37000.00
26.01.21	Приход (246 от 26.01.2021)	-	8000.00
26.01.21	Приход (249 от 26.01.2021)	-	35000.00
26.01.21	Приход (253 от 26.01.2021)	-	35000.00
26.01.21	Приход (294 от 26.01.2021)	-	35000.00
26.01.21	Приход (301 от 26.01.2021)	-	35000.00
26.01.21	Приход (303 от 26.01.2021)	-	80000.00
26.01.21	Приход (304 от 26.01.2021)	-	35000.00
26.01.21	Приход (315 от 26.01.2021)	-	35000.00
26.01.21	Приход (317 от 26.01.2021)	-	35000.00
26.01.21	Приход (416 от 26.01.2021)	-	37000.00
27.01.21	Приход (254 от 27.01.2021)	-	8000.00
27.01.21	Приход (337 от 27.01.2021)	-	37000.00
27.01.21	Приход (423 от 27.01.2021)	-	35000.00
28.01.21	Приход (247 от 28.01.2021)	-	35000.00
28.01.21	Приход (248 от 28.01.2021)	-	35000.00
28.01.21	Приход (412 от 28.01.2021)	-	35000.00
28.01.21	Приход (432 от 28.01.2021)	-	37000.00
28.01.21	Приход (434 от 28.01.2021)	-	35000.00
28.01.21	Приход (662 от 28.01.2021)	-	35000.00
29.01.21	Приход (403 от 29.01.2021)	-	35000.00
29.01.21	Приход (406 от 29.01.2021)	-	35000.00
30.01.21	Приход (292 от 30.01.2021)	-	35000.00
31.01.21	Приход (211 от 31.01.2021)	-	35000.00
31.01.21	Приход (251 от 31.01.2021)	-	35000.00
31.01.21	Приход (297 от 31.01.2021)	-	35000.00
01.02.21	Приход (250 от 01.02.2021)	-	8000.00
01.02.21	Приход (299 от 01.02.2021)	-	37000.00
01.02.21	Приход (313 от 01.02.2021)	-	37000.00
01.02.21	Приход (343 от 01.02.2021)	-	37000.00
01.02.21	Приход (430 от 01.02.2021)	-	37000.00
02.02.21	Приход (1056 от 02.02.2021)	-	37000.00
02.02.21	Приход (329 от 02.02.2021)	-	8000.00
02.02.21	Приход (405 от 02.02.2021)	-	8000.00
02.02.21	Приход (436 от 02.02.2021)	-	145000.00
02.02.21	Приход (492 от 02.02.2021)	-	37000.00
02.02.21	Приход (594 от 02.02.2021)	-	50000.00
02.02.21	Приход (595 от 02.02.2021)	-	37000.00
02.02.21	Приход (596 от 02.02.2021)	-	37000.00
04.02.21	Приход (341 от 04.02.2021)	-	37000.00
04.02.21	Приход (420 от 04.02.2021)	-	35000.00
04.02.21	Приход (421 от 04.02.2021)	-	35000.00
04.02.21	Приход (433 от 04.02.2021)	-	37000.00
04.02.21	Приход (490 от 04.02.2021)	-	77000.00
04.02.21	Приход (493 от 04.02.2021)	-	35000.00
04.02.21	Приход (494 от 04.02.2021)	-	35000.00
05.02.21	Приход (407 от 05.02.2021)	-	35000.00
05.02.21	Приход (408 от 05.02.2021)	-	35000.00
05.02.21	Приход (410 от 05.02.2021)	-	35000.00
05.02.21	Приход (411 от 05.02.2021)	-	35000.00
05.02.21	Приход (428 от 05.02.2021)	-	37000.00
05.02.21	Приход (597 от 06.02.2021)	-	37000.00
06.02.21	Приход (339 от 06.02.2021)	-	30000.00
06.02.21	Приход (415 от 06.02.2021)	-	35000.00
06.02.21	Приход (417 от 06.02.2021)	-	35000.00
06.02.21	Приход (495 от 06.02.2021)	-	35000.00
06.02.21	Приход (598 от 06.02.2021)	-	37000.00
06.02.21	Приход (599 от 06.02.2021)	-	37000.00
07.02.21	Приход (342 от 07.02.2021)	-	35000.00
07.02.21	Приход (425 от 07.02.2021)	-	35000.00
07.02.21	Приход (427 от 07.02.2021)	-	35000.00
07.02.21	Приход (491 от 07.02.2021)	-	35000.00
07.02.21	Приход (600 от 07.02.2021)	-	37000.00
07.02.21	Приход (601 от 07.02.2021)	-	37000.00
08.02.21	Приход (209 от 08.02.2021)	-	35000.00
08.02.21	Приход (350 от 08.02.2021)	-	35000.00
08.02.21	Приход (404 от 08.02.2021)	-	35000.00
09.02.21	Приход (806 от 09.02.2021)	-	80000.00
09.02.21	Приход (807 от 09.02.2021)	-	35000.00
09.02.21	Приход (344 от 09.02.2021)	-	37000.00
09.02.21	Приход (347 от 09.02.2021)	-	37000.00
09.02.21	Приход (409 от 09.02.2021)	-	84000.00
09.02.21	Приход (496 от 09.02.2021)	-	35000.00
09.02.21	Приход (497 от 09.02.2021)	-	35000.00
09.02.21	Приход (602 от 09.02.2021)	-	35000.00
10.02.21	Приход (348 от 10.02.2021)	-	37000.00
10.02.21	Приход (418 от 10.02.2021)	-	35000.00
10.02.21	Приход (431 от 10.02.2021)	-	35000.00
10.02.21	Приход (498 от 10.02.2021)	-	35000.00
10.02.21	Приход (603 от 10.02.2021)	-	35000.00
10.02.21	Приход (604 от 10.02.2021)	-	37000.00
10.02.21	Приход (605 от 10.02.2021)	-	35000.00
10.02.21	Приход (606 от 10.02.2021)	-	35000.00
11.02.21	Приход (843 от 11.02.2021)	-	37000.00
11.02.21	Приход (844 от 11.02.2021)	-	37000.00
11.02.21	Приход (402 от 11.02.2021)	-	35000.00
11.02.21	Приход (429 от 11.02.2021)	-	35000.00
11.02.21	Приход (447 от 11.02.2021)	-	80000.00
11.02.21	Приход (607 от 11.02.2021)	-	35000.00
11.02.21	Приход (608 от 11.02.2021)	-	35000.00
11.02.21	Приход (630 от 11.02.2021)	-	37000.00
11.02.21	Приход (664 от 11.02.2021)	-	35000.00
12.02.21	Приход (820 от 12.02.2021)	-	35000.00
12.02.21	Приход (845 от 12.02.2021)	-	37000.00
12.02.21	Приход (847 от 12.02.2021)	-	35000.00
12.02.21	Приход (858 от 12.02.2021)	-	35000.00
12.02.21	Приход (860 от 12.02.2021)	-	35000.00
12.02.21	Приход (609 от 12.02.2021)	-	37000.00
12.02.21	Приход (610 от 12.02.2021)	-	35000.00
12.02.21	Приход (621 от 12.02.2021)	-	37000.00
12.02.21	Приход (632 от 12.02.2021)	-	35000.00
13.02.21	Приход (846 от 13.02.2021)	-	35000.00
13.02.21	Приход (625 от 13.02.2021)	-	35000.00
14.02.21	Приход (792 от 14.02.2021)	-	37000.00
14.02.21	Приход (800 от 14.02.2021)	-	35000.00
14.02.21	Приход (627 от 14.02.2021)	-	35000.00
14.02.21	Приход (628 от 14.02.2021)	-	80000.00
14.02.21	Приход (707 от 14.02.2021)	-	35000.00
15.02.21	Приход (396 от 15.02.2021)	-	37000.00
15.02.21	Приход (399 от 15.02.2021)	-	37000.00
15.02.21	Приход (400 от 15.02.2021)	-	35000.00
15.02.21	Приход (401 от 15.02.2021)	-	20000.00
15.02.21	Приход (455 от 15.02.2021)	-	80000.00
15.02.21	Приход (626 от 15.02.2021)	-	37000.00
15.02.21	Приход (822 от 15.02.2021)	-	35000.00
16.02.21	Приход (1059 от 16.02.2021)	-	37000.00
16.02.21	Приход (437 от 16.02.2021)	-	35000.00
16.02.21	Приход (438 от 16.02.2021)	-	35000.00
16.02.21	Приход (439 от 16.02.2021)	-	37000.00
16.02.21	Приход (440 от 16.02.2021)	-	35000.00
16.02.21	Приход (452 от 16.02.2021)	-	80000.00
16.02.21	Приход (453 от 16.02.2021)	-	37000.00
16.02.21	Приход (463 от 16.02.2021)	-	20000.00
16.02.21	Приход (631 от 16.02.2021)	-	80000.00
16.02.21	Приход (710 от 16.02.2021)	-	80000.00
17.02.21	Приход (449 от 17.02.2021)	-	35000.00
17.02.21	Приход (451 от 17.02.2021)	-	35000.00
17.02.21	Приход (462 от 17.02.2021)	-	35000.00
17.02.21	Приход (464 от 17.02.2021)	-	35000.00
17.02.21	Приход (629 от 17.02.2021)	-	80000.00
18.02.21	Приход (799 от 18.02.2021)	-	35000.00
18.02.21	Приход (446 от 18.02.2021)	-	8000.00
18.02.21	Приход (450 от 18.02.2021)	-	35000.00
18.02.21	Приход (465 от 18.02.2021)	-	35000.00
18.02.21	Приход (500 от 18.02.2021)	-	35000.00
18.02.21	Приход (501 от 18.02.2021)	-	75000.00
18.02.21	Приход (502 от 18.02.2021)	-	80000.00
18.02.21	Приход (708 от 18.02.2021)	-	145000.00
19.02.21	Оплата (1037 от 19.02.2021)	162000.00	-
19.02.21	Оплата (1038 от 19.02.2021)	467000.00	-
19.02.21	Оплата (1022 от 19.02.2021)	674000.00	-
19.02.21	Приход (826 от 19.02.2021)	-	35000.00
19.02.21	Приход (827 от 19.02.2021)	-	35000.00
19.02.21	Приход (828 от 19.02.2021)	-	35000.00
19.02.21	Приход (878 от 19.02.2021)	-	37000.00
19.02.21	Приход (454 от 19.02.2021)	-	23000.00
19.02.21	Приход (503 от 19.02.2021)	-	75000.00
19.02.21	Приход (704 от 19.02.2021)	-	80000.00
19.02.21	Приход (705 от 19.02.2021)	-	35000.00
20.02.21	Приход (808 от 20.02.2021)	-	35000.00
20.02.21	Приход (819 от 20.02.2021)	-	35000.00
20.02.21	Приход (823 от 20.02.2021)	-	35000.00
20.02.21	Приход (824 от 20.02.2021)	-	37000.00
20.02.21	Приход (877 от 20.02.2021)	-	35000.00
20.02.21	Приход (504 от 20.02.2021)	-	37000.00
20.02.21	Приход (505 от 20.02.2021)	-	35000.00
21.02.21	Приход (793 от 21.02.2021)	-	35000.00
21.02.21	Приход (825 от 21.02.2021)	-	80000.00
21.02.21	Приход (876 от 21.02.2021)	-	35000.00
21.02.21	Приход (884 от 21.02.2021)	-	80000.00
21.02.21	Приход (506 от 21.02.2021)	-	35000.00
21.02.21	Приход (688 от 21.02.2021)	-	80000.00
22.02.21	Приход (798 от 22.02.2021)	-	35000.00
22.02.21	Приход (821 от 22.02.2021)	-	20000.00
22.02.21	Приход (886 от 22.02.2021)	-	35000.00
22.02.21	Приход (559 от 22.02.2021)	-	37000.00
22.02.21	Приход (563 от 22.02.2021)	-	80000.00
22.02.21	Приход (569 от 22.02.2021)	-	35000.00
22.02.21	Приход (574 от 22.02.2021)	-	35000.00
23.02.21	Приход (809 от 23.02.2021)	-	37000.00
23.02.21	Приход (810 от 23.02.2021)	-	37000.00
23.02.21	Приход (814 от 23.02.2021)	-	35000.00
23.02.21	Приход (815 от 23.02.2021)	-	37000.00
23.02.21	Приход (818 от 23.02.2021)	-	35000.00
23.02.21	Приход (881 от 23.02.2021)	-	35000.00
23.02.21	Приход (885 от 23.02.2021)	-	37000.00
23.02.21	Приход (887 от 23.02.2021)	-	35000.00
23.02.21	Приход (1051 от 23.02.2021)	-	80000.00
23.02.21	Приход (499 от 23.02.2021)	-	80000.00
23.02.21	Приход (565 от 23.02.2021)	-	37000.00
23.02.21	Приход (567 от 23.02.2021)	-	80000.00
23.02.21	Приход (570 от 23.02.2021)	-	37000.00
23.02.21	Приход (571 от 23.02.2021)	-	37000.00
23.02.21	Приход (572 от 23.02.2021)	-	63335.60
23.02.21	Приход (575 от 23.02.2021)	-	35000.00
23.02.21	Приход (667 от 23.02.2021)	-	80000.00
23.02.21	Приход (696 от 23.02.2021)	-	35000.00
24.02.21	Приход (790 от 24.02.2021)	-	37000.00
24.02.21	Приход (791 от 24.02.2021)	-	37000.00
24.02.21	Приход (811 от 24.02.2021)	-	37000.00
24.02.21	Приход (812 от 24.02.2021)	-	35000.00
24.02.21	Приход (829 от 24.02.2021)	-	35000.00
24.02.21	Приход (882 от 24.02.2021)	-	35000.00
24.02.21	Приход (573 от 24.02.2021)	-	63335.60
24.02.21	Приход (655 от 24.02.2021)	-	37000.00
24.02.21	Приход (656 от 24.02.2021)	-	35000.00
24.02.21	Приход (657 от 24.02.2021)	-	37000.00
24.02.21	Приход (678 от 24.02.2021)	-	20000.00
25.02.21	Приход (669 от 25.02.2021)	-	8000.00
25.02.21	Приход (689 от 25.02.2021)	-	80000.00
25.02.21	Приход (692 от 25.02.2021)	-	80000.00
26.02.21	Приход (797 от 26.02.2021)	-	37000.00
26.02.21	Приход (861 от 26.02.2021)	-	35000.00
26.02.21	Приход (869 от 26.02.2021)	-	35000.00
26.02.21	Приход (870 от 26.02.2021)	-	35000.00
27.02.21	Приход (795 от 27.02.2021)	-	35000.00
27.02.21	Приход (802 от 27.02.2021)	-	35000.00
27.02.21	Приход (987 от 27.02.2021)	-	35000.00
27.02.21	Приход (671 от 27.02.2021)	-	35000.00
27.02.21	Приход (674 от 27.02.2021)	-	35000.00
28.02.21	Приход (794 от 28.02.2021)	-	35000.00
28.02.21	Приход (796 от 28.02.2021)	-	35000.00
28.02.21	Приход (803 от 28.02.2021)	-	35000.00
28.02.21	Приход (804 от 28.02.2021)	-	35000.00
28.02.21	Приход (805 от 28.02.2021)	-	35000.00
28.02.21	Приход (816 от 28.02.2021)	-	35000.00
28.02.21	Приход (817 от 28.02.2021)	-	35000.00
28.02.21	Приход (879 от 28.02.2021)	-	35000.00
28.02.21	Приход (880 от 28.02.2021)	-	35000.00
28.02.21	Приход (676 от 28.02.2021)	-	35000.00
28.02.21	Приход (681 от 28.02.2021)	-	35000.00
28.02.21	Приход (682 от 28.02.2021)	-	35000.00
28.02.21	Приход (685 от 28.02.2021)	-	35000.00
28.02.21	Приход (687 от 28.02.2021)	-	37000.00
28.02.21	Приход (699 от 28.02.2021)	-	80000.00
28.02.21	Приход (701 от 28.02.2021)	-	80000.00
01.03.21	Приход (883 от 01.03.2021)	-	35000.00
01.03.21	Приход (1061 от 01.03.2021)	-	80000.00
01.03.21	Приход (694 от 01.03.2021)	-	75000.00
01.03.21	Приход (695 от 01.03.2021)	-	35000.00
01.03.21	Приход (697 от 01.03.2021)	-	145000.00
01.03.21	Приход (698 от 01.03.2021)	-	75000.00
01.03.21	Приход (700 от 01.03.2021)	-	80000.00
01.03.21	Приход (702 от 01.03.2021)	-	35000.00
02.03.21	Приход (892 от 02.03.2021)	-	37000.00
02.03.21	Приход (893 от 02.03.2021)	-	37000.00
02.03.21	Приход (1063 от 02.03.2021)	-	80000.00
03.03.21	Приход (831 от 03.03.2021)	-	20000.00
03.03.21	Приход (842 от 03.03.2021)	-	35000.00
03.03.21	Приход (899 от 03.03.2021)	-	37000.00
03.03.21	Приход (902 от 03.03.2021)	-	20000.00
03.03.21	Приход (912 от 03.03.2021)	-	85000.00
03.03.21	Приход (915 от 03.03.2021)	-	20000.00
03.03.21	Приход (988 от 03.03.2021)	-	35000.00
03.03.21	Приход (989 от 03.03.2021)	-	35000.00
04.03.21	Приход (835 от 04.03.2021)	-	35000.00
04.03.21	Приход (837 от 04.03.2021)	-	35000.00
04.03.21	Приход (841 от 04.03.2021)	-	35000.00
04.03.21	Приход (900 от 04.03.2021)	-	37000.00
04.03.21	Приход (903 от 04.03.2021)	-	8000.00
04.03.21	Приход (906 от 04.03.2021)	-	37000.00
04.03.21	Приход (914 от 04.03.2021)	-	8000.00
05.03.21	Оплата (1345 от 05.03.2021)	569000.00	-
05.03.21	Оплата (1341 от 05.03.2021)	590000.00	-
05.03.21	Оплата (1348 от 05.03.2021)	632000.00	-
05.03.21	Оплата (1344 от 05.03.2021)	664000.00	-
05.03.21	Приход (836 от 05.03.2021)	-	8000.00
05.03.21	Приход (838 от 05.03.2021)	-	37000.00
05.03.21	Приход (839 от 05.03.2021)	-	35000.00
05.03.21	Приход (873 от 05.03.2021)	-	35000.00
05.03.21	Приход (874 от 05.03.2021)	-	35000.00
05.03.21	Приход (875 от 05.03.2021)	-	35000.00
05.03.21	Приход (889 от 05.03.2021)	-	85000.00
05.03.21	Приход (894 от 05.03.2021)	-	35000.00
05.03.21	Приход (920 от 05.03.2021)	-	35000.00
05.03.21	Приход (991 от 05.03.2021)	-	35000.00
06.03.21	Приход (840 от 06.03.2021)	-	37000.00
06.03.21	Приход (897 от 06.03.2021)	-	35000.00
06.03.21	Приход (898 от 06.03.2021)	-	37000.00
06.03.21	Приход (907 от 06.03.2021)	-	35000.00
06.03.21	Приход (909 от 06.03.2021)	-	35000.00
06.03.21	Приход (911 от 06.03.2021)	-	37000.00
06.03.21	Приход (927 от 06.03.2021)	-	37000.00
06.03.21	Приход (933 от 06.03.2021)	-	35000.00
06.03.21	Приход (941 от 06.03.2021)	-	35000.00
06.03.21	Приход (994 от 06.03.2021)	-	35000.00
06.03.21	Приход (1196 от 06.03.2021)	-	35000.00
07.03.21	Приход (891 от 07.03.2021)	-	35000.00
07.03.21	Приход (896 от 07.03.2021)	-	35000.00
07.03.21	Приход (913 от 07.03.2021)	-	37000.00
07.03.21	Приход (940 от 07.03.2021)	-	37000.00
07.03.21	Приход (992 от 07.03.2021)	-	35000.00
07.03.21	Приход (1068 от 07.03.2021)	-	35000.00
08.03.21	Приход (890 от 08.03.2021)	-	35000.00
08.03.21	Приход (919 от 08.03.2021)	-	145000.00
08.03.21	Приход (928 от 08.03.2021)	-	35000.00
08.03.21	Приход (931 от 08.03.2021)	-	35000.00
08.03.21	Приход (934 от 08.03.2021)	-	35000.00
08.03.21	Приход (938 от 08.03.2021)	-	35000.00
08.03.21	Приход (1188 от 08.03.2021)	-	35000.00
09.03.21	Приход (929 от 09.03.2021)	-	35000.00
09.03.21	Приход (930 от 09.03.2021)	-	35000.00
09.03.21	Приход (939 от 09.03.2021)	-	35000.00
09.03.21	Приход (942 от 09.03.2021)	-	35000.00
09.03.21	Приход (993 от 09.03.2021)	-	35000.00
09.03.21	Приход (999 от 09.03.2021)	-	80000.00
10.03.21	Приход (936 от 10.03.2021)	-	37000.00
11.03.21	Приход (888 от 11.03.2021)	-	35000.00
11.03.21	Приход (918 от 11.03.2021)	-	37000.00
11.03.21	Приход (921 от 11.03.2021)	-	37000.00
11.03.21	Приход (995 от 11.03.2021)	-	35000.00
11.03.21	Приход (996 от 11.03.2021)	-	35000.00
11.03.21	Приход (997 от 11.03.2021)	-	50000.00
11.03.21	Приход (1067 от 11.03.2021)	-	37000.00
11.03.21	Приход (1205 от 11.03.2021)	-	37000.00
12.03.21	Приход (895 от 12.03.2021)	-	37000.00
12.03.21	Приход (924 от 12.03.2021)	-	35000.00
12.03.21	Приход (926 от 12.03.2021)	-	8000.00
12.03.21	Приход (946 от 12.03.2021)	-	78000.00
12.03.21	Приход (1199 от 12.03.2021)	-	35000.00
13.03.21	Приход (872 от 13.03.2021)	-	35000.00
13.03.21	Приход (922 от 13.03.2021)	-	37000.00
13.03.21	Приход (948 от 13.03.2021)	-	37000.00
13.03.21	Приход (1071 от 13.03.2021)	-	37000.00
14.03.21	Приход (943 от 14.03.2021)	-	35000.00
14.03.21	Приход (944 от 14.03.2021)	-	35000.00
14.03.21	Приход (945 от 14.03.2021)	-	35000.00
14.03.21	Приход (947 от 14.03.2021)	-	35000.00
14.03.21	Приход (1065 от 14.03.2021)	-	80000.00
14.03.21	Приход (1309 от 14.03.2021)	-	35000.00
15.03.21	Приход (917 от 15.03.2021)	-	75000.00
15.03.21	Приход (998 от 15.03.2021)	-	8000.00
15.03.21	Приход (1000 от 15.03.2021)	-	37000.00
15.03.21	Приход (1054 от 15.03.2021)	-	35000.00
15.03.21	Приход (1069 от 15.03.2021)	-	35000.00
15.03.21	Приход (1201 от 15.03.2021)	-	35000.00
15.03.21	Приход (1204 от 15.03.2021)	-	35000.00
16.03.21	Оплата (1636 от 16.03.2021)	902000.00	-
16.03.21	Оплата (1635 от 16.03.2021)	1045335.60	-
16.03.21	Приход (1001 от 16.03.2021)	-	37000.00
16.03.21	Приход (1002 от 16.03.2021)	-	37000.00
16.03.21	Приход (1003 от 16.03.2021)	-	37000.00
16.03.21	Приход (1087 от 16.03.2021)	-	37000.00
16.03.21	Приход (1495 от 16.03.2021)	-	37000.00
17.03.21	Приход (1019 от 17.03.2021)	-	37000.00
17.03.21	Приход (1020 от 17.03.2021)	-	37000.00
17.03.21	Приход (1026 от 17.03.2021)	-	39000.00
17.03.21	Приход (1076 от 17.03.2021)	-	39000.00
17.03.21	Приход (1174 от 17.03.2021)	-	37000.00
17.03.21	Приход (1203 от 17.03.2021)	-	37000.00
18.03.21	Приход (1005 от 18.03.2021)	-	8000.00
18.03.21	Приход (1022 от 18.03.2021)	-	39000.00
18.03.21	Приход (1023 от 18.03.2021)	-	37000.00
18.03.21	Приход (1024 от 18.03.2021)	-	39000.00
18.03.21	Приход (1072 от 18.03.2021)	-	80000.00
18.03.21	Приход (1074 от 18.03.2021)	-	80000.00
18.03.21	Приход (1091 от 18.03.2021)	-	37000.00
18.03.21	Приход (1193 от 18.03.2021)	-	37000.00
18.03.21	Приход (1207 от 18.03.2021)	-	37000.00
18.03.21	Приход (1210 от 18.03.2021)	-	37000.00
18.03.21	Приход (1212 от 18.03.2021)	-	37000.00
19.03.21	Оплата (1720 от 19.03.2021)	478000.00	-
19.03.21	Оплата (1719 от 19.03.2021)	720000.00	-
19.03.21	Оплата (1718 от 19.03.2021)	724000.00	-
19.03.21	Приход (1004 от 19.03.2021)	-	8000.00
19.03.21	Приход (1025 от 19.03.2021)	-	37000.00
19.03.21	Приход (1084 от 19.03.2021)	-	37000.00
19.03.21	Приход (1086 от 19.03.2021)	-	37000.00
19.03.21	Приход (1191 от 19.03.2021)	-	39000.00
19.03.21	Приход (1213 от 19.03.2021)	-	39000.00
20.03.21	Приход (1006 от 20.03.2021)	-	37000.00
20.03.21	Приход (1021 от 20.03.2021)	-	37000.00
20.03.21	Приход (1031 от 20.03.2021)	-	39000.00
20.03.21	Приход (1075 от 20.03.2021)	-	39000.00
20.03.21	Приход (1089 от 20.03.2021)	-	37000.00
20.03.21	Приход (1090 от 20.03.2021)	-	39000.00
20.03.21	Приход (1189 от 20.03.2021)	-	37000.00
20.03.21	Приход (1200 от 20.03.2021)	-	37000.00
20.03.21	Приход (1209 от 20.03.2021)	-	37000.00
20.03.21	Приход (1282 от 20.03.2021)	-	37000.00
21.03.21	Приход (1027 от 21.03.2021)	-	39000.00
21.03.21	Приход (1028 от 21.03.2021)	-	39000.00
21.03.21	Приход (1029 от 21.03.2021)	-	39000.00
21.03.21	Приход (1030 от 21.03.2021)	-	39000.00
21.03.21	Приход (1186 от 21.03.2021)	-	39000.00
21.03.21	Приход (1214 от 21.03.2021)	-	39000.00
21.03.21	Приход (1289 от 21.03.2021)	-	37000.00
21.03.21	Приход (1298 от 21.03.2021)	-	145000.00
22.03.21	Приход (1032 от 22.03.2021)	-	78000.00
22.03.21	Приход (1033 от 22.03.2021)	-	39000.00
22.03.21	Приход (1034 от 22.03.2021)	-	75000.00
22.03.21	Приход (1185 от 22.03.2021)	-	39000.00
22.03.21	Приход (1202 от 22.03.2021)	-	37000.00
22.03.21	Приход (1208 от 22.03.2021)	-	39000.00
22.03.21	Приход (1290 от 22.03.2021)	-	39000.00
22.03.21	Приход (1291 от 22.03.2021)	-	39000.00
23.03.21	Приход (1079 от 23.03.2021)	-	150000.00
23.03.21	Приход (1120 от 23.03.2021)	-	8000.00
23.03.21	Приход (1181 от 23.03.2021)	-	39000.00
23.03.21	Приход (1182 от 23.03.2021)	-	39000.00
23.03.21	Приход (1187 от 23.03.2021)	-	39000.00
23.03.21	Приход (1194 от 23.03.2021)	-	37000.00
23.03.21	Приход (1299 от 23.03.2021)	-	37000.00
23.03.21	Приход (1301 от 23.03.2021)	-	37000.00
23.03.21	Приход (1302 от 23.03.2021)	-	37000.00
24.03.21	Приход (1035 от 24.03.2021)	-	37000.00
24.03.21	Приход (1184 от 24.03.2021)	-	37000.00
24.03.21	Приход (1197 от 24.03.2021)	-	39000.00
24.03.21	Приход (1198 от 24.03.2021)	-	39000.00
25.03.21	Приход (1078 от 25.03.2021)	-	37000.00
25.03.21	Приход (1080 от 25.03.2021)	-	37000.00
25.03.21	Приход (1118 от 25.03.2021)	-	39000.00
25.03.21	Приход (1175 от 25.03.2021)	-	37000.00
25.03.21	Приход (1278 от 25.03.2021)	-	39000.00
25.03.21	Приход (1292 от 25.03.2021)	-	37000.00
25.03.21	Приход (1303 от 25.03.2021)	-	37000.00
26.03.21	Приход (1081 от 26.03.2021)	-	39000.00
26.03.21	Приход (1123 от 26.03.2021)	-	8000.00
26.03.21	Приход (1173 от 26.03.2021)	-	37000.00
26.03.21	Приход (1276 от 26.03.2021)	-	37000.00
26.03.21	Приход (1285 от 26.03.2021)	-	39000.00
26.03.21	Приход (1295 от 26.03.2021)	-	39000.00
26.03.21	Приход (1297 от 26.03.2021)	-	37000.00
26.03.21	Приход (1300 от 26.03.2021)	-	37000.00
26.03.21	Приход (1304 от 26.03.2021)	-	37000.00
26.03.21	Приход (1310 от 26.03.2021)	-	37000.00
26.03.21	Приход (1581 от 26.03.2021)	-	37000.00
27.03.21	Приход (1179 от 27.03.2021)	-	39000.00
27.03.21	Приход (1180 от 27.03.2021)	-	39000.00
27.03.21	Приход (1190 от 27.03.2021)	-	37000.00
27.03.21	Приход (1296 от 27.03.2021)	-	37000.00
27.03.21	Приход (1305 от 27.03.2021)	-	37000.00
27.03.21	Приход (1583 от 27.03.2021)	-	37000.00
28.03.21	Приход (1083 от 28.03.2021)	-	39000.00
28.03.21	Приход (1176 от 28.03.2021)	-	37000.00
28.03.21	Приход (1177 от 28.03.2021)	-	37000.00
28.03.21	Приход (1192 от 28.03.2021)	-	37000.00
28.03.21	Приход (1195 от 28.03.2021)	-	37000.00
28.03.21	Приход (1279 от 28.03.2021)	-	37000.00
28.03.21	Приход (1281 от 28.03.2021)	-	37000.00
28.03.21	Приход (1284 от 28.03.2021)	-	37000.00
28.03.21	Приход (1306 от 28.03.2021)	-	37000.00
28.03.21	Приход (1307 от 28.03.2021)	-	37000.00
29.03.21	Оплата (1983 от 29.03.2021)	719000.00	-
29.03.21	Оплата (1984 от 29.03.2021)	714000.00	-
29.03.21	Оплата (1976 от 29.03.2021)	930000.00	-
29.03.21	Приход (1092 от 29.03.2021)	-	37000.00
29.03.21	Приход (1095 от 29.03.2021)	-	37000.00
29.03.21	Приход (1121 от 29.03.2021)	-	8000.00
29.03.21	Приход (1215 от 29.03.2021)	-	80000.00
29.03.21	Приход (1286 от 29.03.2021)	-	37000.00
29.03.21	Приход (1287 от 29.03.2021)	-	37000.00
29.03.21	Приход (1294 от 29.03.2021)	-	37000.00
29.03.21	Приход (1420 от 29.03.2021)	-	37000.00
30.03.21	Приход (1119 от 30.03.2021)	-	39000.00
30.03.21	Приход (1122 от 30.03.2021)	-	8000.00
30.03.21	Приход (1288 от 30.03.2021)	-	37000.00
31.03.21	Приход (1217 от 31.03.2021)	-	72301.37
31.03.21	Приход (1308 от 31.03.2021)	-	50000.00
31.03.21	Приход (1407 от 31.03.2021)	-	37000.00
01.04.21	Приход (1320 от 01.04.2021)	-	80000.00
01.04.21	Приход (1322 от 01.04.2021)	-	80000.00
01.04.21	Приход (1323 от 01.04.2021)	-	37000.00
01.04.21	Приход (1337 от 01.04.2021)	-	37000.00
01.04.21	Приход (1422 от 01.04.2021)	-	39000.00
01.04.21	Приход (1582 от 01.04.2021)	-	50000.00
02.04.21	Оплата (2118 от 02.04.2021)	668000.00	-
02.04.21	Оплата (2116 от 02.04.2021)	679000.00	-
02.04.21	Оплата (2117 от 02.04.2021)	706000.00	-
02.04.21	Оплата (2111 от 02.04.2021)	722000.00	-
02.04.21	Приход (1324 от 02.04.2021)	-	39000.00
02.04.21	Приход (1334 от 02.04.2021)	-	37000.00
02.04.21	Приход (1335 от 02.04.2021)	-	37000.00
02.04.21	Приход (1336 от 02.04.2021)	-	37000.00
02.04.21	Приход (1339 от 02.04.2021)	-	37000.00
02.04.21	Приход (1936 от 02.04.2021)	-	37000.00
02.04.21	Приход (2001 от 02.04.2021)	-	37000.00
02.04.21	Приход (1498 от 02.04.2021)	-	37000.00
03.04.21	Приход (1220 от 03.04.2021)	-	37000.00
03.04.21	Приход (1483 от 03.04.2021)	-	37000.00
03.04.21	Приход (1497 от 03.04.2021)	-	37000.00
03.04.21	Приход (1549 от 03.04.2021)	-	37000.00
03.04.21	Приход (1578 от 03.04.2021)	-	37000.00
04.04.21	Приход (1226 от 04.04.2021)	-	37000.00
04.04.21	Приход (1225 от 04.04.2021)	-	37000.00
04.04.21	Приход (1316 от 04.04.2021)	-	37000.00
04.04.21	Приход (1325 от 04.04.2021)	-	37000.00
04.04.21	Приход (1326 от 04.04.2021)	-	37000.00
04.04.21	Приход (1327 от 04.04.2021)	-	37000.00
04.04.21	Приход (1937 от 04.04.2021)	-	37000.00
04.04.21	Приход (1425 от 04.04.2021)	-	37000.00
04.04.21	Приход (1498 от 04.04.2021)	-	37000.00
04.04.21	Приход (1503 от 04.04.2021)	-	37000.00
04.04.21	Приход (1548 от 04.04.2021)	-	37000.00
05.04.21	Приход (1221 от 05.04.2021)	-	39000.00
05.04.21	Приход (1222 от 05.04.2021)	-	39000.00
05.04.21	Приход (1224 от 05.04.2021)	-	39000.00
05.04.21	Приход (1318 от 05.04.2021)	-	37000.00
05.04.21	Приход (1321 от 05.04.2021)	-	80000.00
05.04.21	Приход (1412 от 05.04.2021)	-	37000.00
05.04.21	Приход (1426 от 05.04.2021)	-	37000.00
05.04.21	Приход (1427 от 05.04.2021)	-	37000.00
05.04.21	Приход (1484 от 05.04.2021)	-	37000.00
05.04.21	Приход (1580 от 05.04.2021)	-	80000.00
06.04.21	Приход (1351 от 06.04.2021)	-	80000.00
06.04.21	Приход (1428 от 06.04.2021)	-	37000.00
06.04.21	Приход (1547 от 06.04.2021)	-	37000.00
06.04.21	Приход (1550 от 06.04.2021)	-	37000.00
07.04.21	Приход (1218 от 07.04.2021)	-	39000.00
07.04.21	Приход (1219 от 07.04.2021)	-	39000.00
07.04.21	Приход (1317 от 07.04.2021)	-	75000.00
07.04.21	Приход (1319 от 07.04.2021)	-	150000.00
07.04.21	Приход (1499 от 07.04.2021)	-	37000.00
07.04.21	Приход (1500 от 07.04.2021)	-	39000.00
07.04.21	Приход (1552 от 07.04.2021)	-	37000.00
08.04.21	Приход (1430 от 08.04.2021)	-	37000.00
08.04.21	Приход (1433 от 08.04.2021)	-	37000.00
08.04.21	Приход (1436 от 08.04.2021)	-	37000.00
08.04.21	Приход (1485 от 08.04.2021)	-	37000.00
08.04.21	Приход (1487 от 08.04.2021)	-	37000.00
08.04.21	Приход (1488 от 08.04.2021)	-	37000.00
08.04.21	Приход (1533 от 08.04.2021)	-	37000.00
08.04.21	Приход (1540 от 08.04.2021)	-	37000.00
08.04.21	Приход (1546 от 08.04.2021)	-	37000.00
08.04.21	Приход (1553 от 08.04.2021)	-	50000.00
09.04.21	Приход (1329 от 09.04.2021)	-	37000.00
09.04.21	Приход (1408 от 09.04.2021)	-	37000.00
09.04.21	Приход (1409 от 09.04.2021)	-	37000.00
09.04.21	Приход (1410 от 09.04.2021)	-	37000.00
09.04.21	Приход (1489 от 09.04.2021)	-	37000.00
09.04.21	Приход (1490 от 09.04.2021)	-	37000.00
09.04.21	Приход (1491 от 09.04.2021)	-	37000.00
09.04.21	Приход (1577 от 09.04.2021)	-	37000.00
10.04.21	Приход (1315 от 10.04.2021)	-	75000.00
10.04.21	Приход (1413 от 10.04.2021)	-	37000.00
10.04.21	Приход (1437 от 10.04.2021)	-	37000.00
10.04.21	Приход (1438 от 10.04.2021)	-	37000.00
10.04.21	Приход (1439 от 10.04.2021)	-	37000.00
10.04.21	Приход (1492 от 10.04.2021)	-	37000.00
10.04.21	Приход (1554 от 10.04.2021)	-	37000.00
10.04.21	Приход (1576 от 10.04.2021)	-	37000.00
10.04.21	Приход (1579 от 10.04.2021)	-	37000.00
11.04.21	Приход (1332 от 11.04.2021)	-	85000.00
11.04.21	Приход (1440 от 11.04.2021)	-	37000.00
11.04.21	Приход (1442 от 11.04.2021)	-	37000.00
11.04.21	Приход (1541 от 11.04.2021)	-	37000.00
11.04.21	Приход (1543 от 11.04.2021)	-	37000.00
11.04.21	Приход (1561 от 11.04.2021)	-	37000.00
12.04.21	Приход (1847 от 12.04.2021)	-	8000.00
12.04.21	Приход (1341 от 12.04.2021)	-	39000.00
12.04.21	Приход (1344 от 12.04.2021)	-	39000.00
12.04.21	Приход (2059 от 12.04.2021)	-	37000.00
12.04.21	Приход (1501 от 12.04.2021)	-	37000.00
12.04.21	Приход (1527 от 12.04.2021)	-	37000.00
12.04.21	Приход (1532 от 12.04.2021)	-	37000.00
12.04.21	Приход (1539 от 12.04.2021)	-	37000.00
12.04.21	Приход (1558 от 12.04.2021)	-	80000.00
12.04.21	Приход (1559 от 12.04.2021)	-	80000.00
13.04.21	Оплата (2411 от 13.04.2021)	753000.00	-
13.04.21	Приход (1347 от 13.04.2021)	-	37000.00
13.04.21	Приход (1354 от 13.04.2021)	-	37000.00
13.04.21	Приход (1388 от 13.04.2021)	-	145000.00
13.04.21	Приход (1933 от 13.04.2021)	-	39000.00
13.04.21	Приход (1538 от 13.04.2021)	-	37000.00
13.04.21	Приход (1556 от 13.04.2021)	-	37000.00
14.04.21	Приход (1387 от 14.04.2021)	-	37000.00
14.04.21	Приход (1411 от 14.04.2021)	-	37000.00
14.04.21	Приход (1414 от 14.04.2021)	-	37000.00
14.04.21	Приход (1935 от 14.04.2021)	-	37000.00
14.04.21	Приход (1504 от 14.04.2021)	-	37000.00
14.04.21	Приход (1530 от 14.04.2021)	-	37000.00
14.04.21	Приход (1534 от 14.04.2021)	-	37000.00
14.04.21	Приход (1555 от 14.04.2021)	-	37000.00
15.04.21	Приход (1373 от 15.04.2021)	-	8000.00
15.04.21	Приход (1383 от 15.04.2021)	-	75000.00
15.04.21	Приход (1926 от 15.04.2021)	-	80000.00
15.04.21	Приход (1927 от 15.04.2021)	-	37000.00
15.04.21	Приход (1502 от 15.04.2021)	-	37000.00
15.04.21	Приход (1505 от 15.04.2021)	-	37000.00
15.04.21	Приход (1529 от 15.04.2021)	-	37000.00
15.04.21	Приход (1535 от 15.04.2021)	-	37000.00
15.04.21	Приход (1536 от 15.04.2021)	-	37000.00
16.04.21	Оплата (2576 от 16.04.2021)	649000.00	-
16.04.21	Оплата (2575 от 16.04.2021)	793000.00	-
16.04.21	Оплата (2574 от 16.04.2021)	802000.00	-
16.04.21	Приход (1830 от 16.04.2021)	-	37000.00
16.04.21	Приход (1371 от 16.04.2021)	-	8000.00
16.04.21	Приход (1375 от 16.04.2021)	-	39000.00
16.04.21	Приход (1379 от 16.04.2021)	-	80000.00
16.04.21	Приход (1386 от 16.04.2021)	-	37000.00
16.04.21	Приход (1405 от 16.04.2021)	-	37000.00
16.04.21	Приход (1929 от 16.04.2021)	-	80000.00
16.04.21	Приход (1506 от 16.04.2021)	-	37000.00
17.04.21	Приход (1374 от 17.04.2021)	-	37000.00
17.04.21	Приход (1403 от 17.04.2021)	-	37000.00
17.04.21	Приход (1930 от 17.04.2021)	-	37000.00
19.04.21	Приход (1372 от 19.04.2021)	-	8000.00
19.04.21	Приход (1378 от 19.04.2021)	-	39000.00
19.04.21	Приход (1402 от 19.04.2021)	-	75000.00
19.04.21	Приход (1406 от 19.04.2021)	-	145000.00
19.04.21	Приход (1942 от 19.04.2021)	-	37000.00
20.04.21	Оплата (2668 от 20.04.2021)	637000.00	-
20.04.21	Оплата (2662 от 20.04.2021)	530000.00	-
20.04.21	Оплата (2663 от 20.04.2021)	407301.37	-
20.04.21	Приход (1380 от 20.04.2021)	-	20000.00
20.04.21	Приход (1400 от 20.04.2021)	-	8000.00
20.04.21	Приход (1404 от 20.04.2021)	-	20000.00
21.04.21	Приход (1401 от 21.04.2021)	-	39000.00
21.04.21	Приход (1996 от 21.04.2021)	-	39000.00
21.04.21	Приход (1545 от 21.04.2021)	-	80000.00
21.04.21	Приход (1691 от 21.04.2021)	-	39000.00
22.04.21	Приход (1931 от 22.04.2021)	-	75000.00
22.04.21	Приход (1941 от 22.04.2021)	-	39000.00
22.04.21	Приход (1482 от 22.04.2021)	-	39000.00
22.04.21	Приход (1494 от 22.04.2021)	-	39000.00
23.04.21	Приход (1836 от 23.04.2021)	-	37000.00
23.04.21	Приход (1928 от 23.04.2021)	-	37000.00
23.04.21	Приход (1939 от 23.04.2021)	-	39000.00
23.04.21	Приход (1997 от 23.04.2021)	-	37000.00
23.04.21	Приход (1999 от 23.04.2021)	-	37000.00
23.04.21	Приход (1480 от 23.04.2021)	-	145000.00
23.04.21	Приход (1493 от 23.04.2021)	-	39000.00
23.04.21	Приход (1528 от 23.04.2021)	-	50000.00
23.04.21	Приход (1531 от 23.04.2021)	-	39000.00
23.04.21	Приход (1663 от 23.04.2021)	-	37000.00
23.04.21	Приход (1665 от 23.04.2021)	-	37000.00
23.04.21	Приход (1668 от 23.04.2021)	-	37000.00
23.04.21	Приход (1669 от 23.04.2021)	-	37000.00
24.04.21	Приход (2457 от 24.04.2021)	-	37000.00
24.04.21	Приход (1934 от 24.04.2021)	-	37000.00
24.04.21	Приход (1943 от 24.04.2021)	-	75000.00
24.04.21	Приход (2003 от 24.04.2021)	-	37000.00
24.04.21	Приход (1666 от 24.04.2021)	-	37000.00
24.04.21	Приход (1690 от 24.04.2021)	-	37000.00
25.04.21	Приход (1932 от 25.04.2021)	-	37000.00
25.04.21	Приход (1952 от 25.04.2021)	-	37000.00
25.04.21	Приход (2000 от 25.04.2021)	-	37000.00
25.04.21	Приход (1486 от 25.04.2021)	-	37000.00
25.04.21	Приход (1511 от 25.04.2021)	-	37000.00
25.04.21	Приход (1600 от 25.04.2021)	-	37000.00
25.04.21	Приход (1664 от 25.04.2021)	-	37000.00
25.04.21	Приход (1688 от 25.04.2021)	-	37000.00
25.04.21	Приход (1699 от 25.04.2021)	-	39000.00
26.04.21	Оплата (2864 от 26.04.2021)	713000.00	-
26.04.21	Оплата (2863 от 26.04.2021)	563000.00	-
26.04.21	Оплата (2881 от 26.04.2021)	308000.00	-
26.04.21	Приход (1837 от 26.04.2021)	-	55000.00
26.04.21	Приход (1478 от 26.04.2021)	-	37000.00
26.04.21	Приход (1610 от 26.04.2021)	-	75000.00
27.04.21	Приход (1839 от 27.04.2021)	-	37000.00
27.04.21	Приход (1875 от 27.04.2021)	-	75100.00
27.04.21	Приход (1940 от 27.04.2021)	-	39000.00
27.04.21	Приход (1667 от 27.04.2021)	-	37000.00
27.04.21	Приход (1696 от 27.04.2021)	-	37000.00
27.04.21	Приход (1697 от 27.04.2021)	-	39000.00
27.04.21	Приход (1698 от 27.04.2021)	-	39000.00
28.04.21	Приход (1838 от 28.04.2021)	-	37000.00
29.04.21	Приход (1825 от 29.04.2021)	-	39000.00
29.04.21	Приход (1834 от 29.04.2021)	-	39000.00
29.04.21	Приход (1599 от 29.04.2021)	-	39000.00
29.04.21	Приход (1694 от 29.04.2021)	-	39000.00
30.04.21	Приход (2459 от 30.04.2021)	-	37000.00
30.04.21	Приход (1938 от 30.04.2021)	-	37000.00
30.04.21	Приход (1601 от 30.04.2021)	-	39000.00
30.04.21	Приход (1609 от 30.04.2021)	-	39000.00
30.04.21	Приход (1612 от 30.04.2021)	-	39000.00
01.05.21	Приход (1826 от 01.05.2021)	-	37000.00
01.05.21	Приход (1832 от 01.05.2021)	-	150000.00
01.05.21	Приход (1835 от 01.05.2021)	-	37000.00
01.05.21	Приход (1841 от 01.05.2021)	-	55000.00
01.05.21	Приход (1855 от 01.05.2021)	-	37000.00
01.05.21	Приход (2458 от 01.05.2021)	-	37000.00
01.05.21	Приход (1925 от 01.05.2021)	-	37000.00
01.05.21	Приход (2058 от 01.05.2021)	-	50000.00
02.05.21	Приход (1808 от 02.05.2021)	-	37000.00
02.05.21	Приход (1819 от 02.05.2021)	-	37000.00
02.05.21	Приход (1821 от 02.05.2021)	-	37000.00
02.05.21	Приход (1822 от 02.05.2021)	-	37000.00
02.05.21	Приход (1850 от 02.05.2021)	-	37000.00
02.05.21	Приход (1876 от 02.05.2021)	-	75000.00
02.05.21	Приход (1906 от 02.05.2021)	-	37000.00
02.05.21	Приход (1692 от 02.05.2021)	-	37000.00
03.05.21	Приход (1598 от 03.05.2021)	-	39000.00
04.05.21	Приход (1815 от 04.05.2021)	-	39000.00
04.05.21	Приход (1818 от 04.05.2021)	-	39000.00
04.05.21	Приход (1844 от 04.05.2021)	-	37000.00
04.05.21	Приход (1857 от 04.05.2021)	-	39000.00
04.05.21	Приход (1993 от 04.05.2021)	-	75000.00
04.05.21	Приход (1995 от 04.05.2021)	-	39000.00
04.05.21	Приход (1902 от 04.05.2021)	-	39000.00
04.05.21	Приход (1903 от 04.05.2021)	-	39000.00
04.05.21	Приход (1597 от 04.05.2021)	-	39000.00
04.05.21	Приход (1682 от 04.05.2021)	-	39000.00
04.05.21	Приход (1708 от 04.05.2021)	-	39000.00
04.05.21	Приход (1711 от 04.05.2021)	-	75000.00
04.05.21	Приход (1712 от 04.05.2021)	-	39000.00
05.05.21	Приход (1809 от 05.05.2021)	-	75000.00
05.05.21	Приход (1679 от 05.05.2021)	-	39000.00
05.05.21	Приход (1701 от 05.05.2021)	-	75000.00
05.05.21	Приход (1706 от 05.05.2021)	-	75000.00
06.05.21	Приход (1811 от 06.05.2021)	-	37000.00
06.05.21	Приход (1851 от 06.05.2021)	-	37000.00
06.05.21	Приход (1990 от 06.05.2021)	-	145000.00
06.05.21	Приход (1991 от 06.05.2021)	-	37000.00
06.05.21	Приход (2022 от 06.05.2021)	-	37000.00
06.05.21	Приход (2071 от 06.05.2021)	-	37000.00
06.05.21	Приход (1906 от 06.05.2021)	-	37000.00
06.05.21	Приход (1678 от 06.05.2021)	-	39000.00
06.05.21	Приход (1681 от 06.05.2021)	-	90000.00
06.05.21	Приход (1683 от 06.05.2021)	-	52000.00
07.05.21	Приход (1842 от 07.05.2021)	-	37000.00
07.05.21	Приход (1843 от 07.05.2021)	-	37000.00
07.05.21	Приход (1848 от 07.05.2021)	-	37000.00
07.05.21	Приход (1853 от 07.05.2021)	-	37000.00
07.05.21	Приход (1951 от 07.05.2021)	-	37000.00
07.05.21	Приход (1680 от 07.05.2021)	-	37000.00
07.05.21	Приход (1700 от 07.05.2021)	-	39000.00
07.05.21	Приход (1702 от 07.05.2021)	-	37000.00
07.05.21	Приход (1703 от 07.05.2021)	-	75000.00
07.05.21	Приход (1704 от 07.05.2021)	-	37000.00
08.05.21	Приход (1810 от 08.05.2021)	-	37000.00
08.05.21	Приход (1816 от 08.05.2021)	-	37000.00
08.05.21	Приход (1823 от 08.05.2021)	-	37000.00
08.05.21	Приход (1922 от 08.05.2021)	-	37000.00
08.05.21	Приход (1950 от 08.05.2021)	-	37000.00
08.05.21	Приход (2013 от 08.05.2021)	-	37000.00
08.05.21	Приход (2024 от 08.05.2021)	-	37000.00
08.05.21	Приход (1910 от 08.05.2021)	-	37000.00
08.05.21	Приход (1684 от 08.05.2021)	-	37000.00
08.05.21	Приход (1685 от 08.05.2021)	-	37000.00
08.05.21	Приход (1705 от 08.05.2021)	-	37000.00
10.05.21	Приход (1924 от 10.05.2021)	-	37000.00
10.05.21	Приход (2075 от 10.05.2021)	-	37000.00
10.05.21	Приход (1920 от 10.05.2021)	-	37000.00
10.05.21	Приход (1696 от 10.05.2021)	-	75000.00
11.05.21	Приход (1946 от 11.05.2021)	-	37000.00
11.05.21	Приход (1947 от 11.05.2021)	-	37000.00
11.05.21	Приход (2031 от 11.05.2021)	-	37000.00
11.05.21	Приход (2073 от 11.05.2021)	-	37000.00
11.05.21	Приход (1909 от 11.05.2021)	-	37000.00
12.05.21	Приход (1958 от 12.05.2021)	-	8000.00
12.05.21	Приход (2002 от 12.05.2021)	-	75492.60
12.05.21	Приход (2011 от 12.05.2021)	-	37000.00
12.05.21	Приход (2015 от 12.05.2021)	-	37000.00
12.05.21	Приход (1907 от 12.05.2021)	-	37000.00
12.05.21	Приход (1913 от 12.05.2021)	-	37000.00
13.05.21	Приход (1923 от 13.05.2021)	-	37000.00
13.05.21	Приход (1948 от 13.05.2021)	-	37000.00
13.05.21	Приход (1959 от 13.05.2021)	-	39000.00
13.05.21	Приход (2023 от 13.05.2021)	-	37000.00
13.05.21	Приход (2061 от 13.05.2021)	-	37000.00
13.05.21	Приход (1911 от 13.05.2021)	-	37000.00
13.05.21	Приход (1912 от 13.05.2021)	-	37000.00
13.05.21	Приход (2069 от 13.05.2021)	-	37000.00
14.05.21	Оплата (3214 от 14.05.2021)	759000.00	-
14.05.21	Оплата (3203 от 14.05.2021)	635000.00	-
14.05.21	Оплата (3213 от 14.05.2021)	692000.00	-
14.05.21	Приход (1949 от 14.05.2021)	-	37000.00
14.05.21	Приход (2008 от 14.05.2021)	-	150000.00
14.05.21	Приход (2052 от 14.05.2021)	-	39000.00
14.05.21	Приход (2053 от 14.05.2021)	-	39000.00
14.05.21	Приход (2063 от 14.05.2021)	-	39000.00
14.05.21	Приход (1918 от 14.05.2021)	-	39000.00
14.05.21	Приход (2668 от 14.05.2021)	-	55000.00
15.05.21	Приход (1954 от 15.05.2021)	-	37000.00
15.05.21	Приход (1955 от 15.05.2021)	-	37000.00
15.05.21	Приход (1956 от 15.05.2021)	-	39000.00
15.05.21	Приход (1957 от 15.05.2021)	-	39000.00
15.05.21	Приход (2010 от 15.05.2021)	-	37000.00
15.05.21	Приход (2016 от 15.05.2021)	-	37000.00
15.05.21	Приход (2028 от 15.05.2021)	-	37000.00
15.05.21	Приход (2056 от 15.05.2021)	-	37000.00
15.05.21	Приход (2074 от 15.05.2021)	-	37000.00
15.05.21	Приход (1914 от 15.05.2021)	-	37000.00
15.05.21	Приход (1915 от 15.05.2021)	-	39000.00
15.05.21	Приход (1916 от 15.05.2021)	-	39000.00
15.05.21	Приход (1917 от 15.05.2021)	-	39000.00
15.05.21	Приход (1919 от 15.05.2021)	-	39000.00
16.05.21	Приход (1786 от 16.05.2021)	-	37000.00
16.05.21	Приход (1797 от 16.05.2021)	-	39000.00
16.05.21	Приход (1807 от 16.05.2021)	-	39000.00
16.05.21	Приход (1953 от 16.05.2021)	-	37000.00
16.05.21	Приход (2019 от 16.05.2021)	-	50000.00
16.05.21	Приход (2020 от 16.05.2021)	-	37000.00
16.05.21	Приход (2035 от 16.05.2021)	-	37000.00
16.05.21	Приход (1905 от 16.05.2021)	-	80000.00
17.05.21	Приход (1784 от 17.05.2021)	-	15000.00
17.05.21	Приход (1794 от 17.05.2021)	-	39000.00
17.05.21	Приход (1801 от 17.05.2021)	-	15000.00
17.05.21	Приход (1806 от 17.05.2021)	-	39000.00
18.05.21	Приход (2259 от 18.05.2021)	-	37000.00
18.05.21	Приход (1789 от 18.05.2021)	-	39000.00
18.05.21	Приход (1828 от 18.05.2021)	-	75000.00
18.05.21	Приход (1833 от 18.05.2021)	-	42000.00
18.05.21	Приход (1774 от 18.05.2021)	-	20000.00
18.05.21	Приход (1778 от 18.05.2021)	-	39000.00
18.05.21	Приход (1780 от 18.05.2021)	-	39000.00
18.05.21	Приход (2030 от 18.05.2021)	-	39000.00
18.05.21	Приход (2067 от 18.05.2021)	-	78000.00
18.05.21	Приход (2072 от 18.05.2021)	-	37000.00
18.05.21	Приход (2086 от 18.05.2021)	-	39000.00
18.05.21	Оплата (3319 от 18.05.2021)	858000.00	-
18.05.21	Оплата (3316 от 18.05.2021)	761000.00	-
18.05.21	Оплата (3318 от 18.05.2021)	776000.00	-
19.05.21	Приход (1775 от 19.05.2021)	-	39000.00
19.05.21	Приход (1776 от 19.05.2021)	-	39000.00
19.05.21	Приход (1779 от 19.05.2021)	-	35000.00
19.05.21	Приход (2080 от 19.05.2021)	-	39000.00
19.05.21	Приход (2087 от 19.05.2021)	-	39000.00
19.05.21	Приход (2163 от 19.05.2021)	-	39000.00
19.05.21	Приход (1904 от 19.05.2021)	-	80000.00
20.05.21	Приход (2006 от 20.05.2021)	-	39000.00
20.05.21	Приход (2007 от 20.05.2021)	-	39000.00
20.05.21	Приход (2025 от 20.05.2021)	-	37000.00
20.05.21	Приход (2054 от 20.05.2021)	-	37000.00
20.05.21	Приход (2082 от 20.05.2021)	-	39000.00
20.05.21	Приход (2084 от 20.05.2021)	-	80000.00
21.05.21	Оплата (3411 от 21.05.2021)	605000.00	-
21.05.21	Приход (1829 от 21.05.2021)	-	75000.00
21.05.21	Приход (1944 от 21.05.2021)	-	80000.00
21.05.21	Приход (2004 от 21.05.2021)	-	39000.00
21.05.21	Приход (2070 от 21.05.2021)	-	50000.00
21.05.21	Приход (2161 от 21.05.2021)	-	50000.00
24.05.21	Приход (2076 от 24.05.2021)	-	80000.00
24.05.21	Приход (2083 от 24.05.2021)	-	80000.00
24.05.21	Приход (2085 от 24.05.2021)	-	39000.00
24.05.21	Приход (2088 от 24.05.2021)	-	39000.00
24.05.21	Приход (2089 от 24.05.2021)	-	39000.00
25.05.21	Приход (2164 от 25.05.2021)	-	39000.00
26.05.21	Приход (2079 от 26.05.2021)	-	37000.00
26.05.21	Приход (2160 от 26.05.2021)	-	145000.00
27.05.21	Оплата (3563 от 27.05.2021)	794000.00	-
27.05.21	Оплата (3562 от 27.05.2021)	596000.00	-
27.05.21	Приход (2081 от 27.05.2021)	-	39000.00
27.05.21	Приход (2154 от 27.05.2021)	-	75000.00
27.05.21	Приход (2157 от 27.05.2021)	-	145000.00
28.05.21	Приход (2168 от 28.05.2021)	-	80000.00
29.05.21	Приход (2077 от 29.05.2021)	-	37000.00
29.05.21	Приход (2190 от 29.05.2021)	-	50000.00
03.06.21	Оплата (3711 от 03.06.2021)	538000.00	-
03.06.21	Оплата (3709 от 03.06.2021)	696000.00	-
03.06.21	Оплата (3710 от 03.06.2021)	755000.00	-
03.06.21	Приход (2265 от 03.06.2021)	-	39000.00
03.06.21	Приход (2091 от 03.06.2021)	-	39000.00
03.06.21	Приход (2092 от 03.06.2021)	-	39000.00
03.06.21	Приход (2153 от 03.06.2021)	-	39000.00
03.06.21	Приход (2156 от 03.06.2021)	-	39000.00
04.06.21	Приход (2187 от 04.06.2021)	-	37000.00
04.06.21	Приход (2262 от 04.06.2021)	-	39000.00
04.06.21	Приход (2264 от 04.06.2021)	-	39000.00
04.06.21	Приход (2093 от 04.06.2021)	-	39000.00
04.06.21	Приход (2095 от 04.06.2021)	-	75000.00
04.06.21	Приход (2165 от 04.06.2021)	-	39000.00
07.06.21	Приход (2252 от 07.06.2021)	-	39000.00
07.06.21	Приход (2253 от 07.06.2021)	-	39000.00
07.06.21	Приход (2254 от 07.06.2021)	-	39000.00
07.06.21	Приход (2255 от 07.06.2021)	-	39000.00
07.06.21	Приход (2462 от 07.06.2021)	-	39000.00
07.06.21	Приход (2151 от 07.06.2021)	-	75000.00
08.06.21	Оплата (3806 от 08.06.2021)	872000.00	-
08.06.21	Оплата (3805 от 08.06.2021)	835000.00	-
08.06.21	Оплата (3803 от 08.06.2021)	844100.00	-
08.06.21	Приход (2261 от 08.06.2021)	-	39000.00
08.06.21	Приход (2449 от 08.06.2021)	-	39000.00
08.06.21	Приход (2189 от 08.06.2021)	-	39000.00
08.06.21	Приход (2338 от 08.06.2021)	-	39000.00
09.06.21	Приход (2257 от 09.06.2021)	-	37000.00
09.06.21	Приход (2343 от 09.06.2021)	-	37000.00
10.06.21	Приход (2150 от 10.06.2021)	-	145000.00
11.06.21	Оплата (3962 от 11.06.2021)	570000.00	-
11.06.21	Оплата (3963 от 11.06.2021)	862492.60	-
11.06.21	Приход (2256 от 11.06.2021)	-	75127.20
11.06.21	Приход (2271 от 11.06.2021)	-	37000.00
11.06.21	Приход (2152 от 11.06.2021)	-	15000.00
12.06.21	Приход (2270 от 12.06.2021)	-	37000.00
12.06.21	Приход (2349 от 12.06.2021)	-	37000.00
13.06.21	Приход (2260 от 13.06.2021)	-	37000.00
13.06.21	Приход (2267 от 13.06.2021)	-	37000.00
13.06.21	Приход (2268 от 13.06.2021)	-	37000.00
13.06.21	Приход (2269 от 13.06.2021)	-	37000.00
13.06.21	Приход (2272 от 13.06.2021)	-	37000.00
13.06.21	Приход (2455 от 13.06.2021)	-	37000.00
14.06.21	Приход (2266 от 14.06.2021)	-	37000.00
14.06.21	Приход (2434 от 14.06.2021)	-	37000.00
14.06.21	Приход (2340 от 14.06.2021)	-	37000.00
15.06.21	Приход (2273 от 15.06.2021)	-	37000.00
15.06.21	Приход (2463 от 15.06.2021)	-	37000.00
15.06.21	Приход (2341 от 15.06.2021)	-	37000.00
16.06.21	Приход (2274 от 16.06.2021)	-	37000.00
16.06.21	Приход (2344 от 16.06.2021)	-	37000.00
17.06.21	Приход (2275 от 17.06.2021)	-	37000.00
17.06.21	Приход (2276 от 17.06.2021)	-	37000.00
17.06.21	Приход (2456 от 17.06.2021)	-	35000.00
17.06.21	Приход (2350 от 17.06.2021)	-	37000.00
18.06.21	Оплата (4104 от 18.06.2021)	628000.00	-
18.06.21	Оплата (4103 от 18.06.2021)	585000.00	-
18.06.21	Приход (2334 от 18.06.2021)	-	80000.00
18.06.21	Приход (2335 от 18.06.2021)	-	37000.00
18.06.21	Приход (2346 от 18.06.2021)	-	37000.00
18.06.21	Приход (2351 от 18.06.2021)	-	37000.00
18.06.21	Приход (2352 от 18.06.2021)	-	37000.00
19.06.21	Приход (2336 от 19.06.2021)	-	37000.00
19.06.21	Приход (2354 от 19.06.2021)	-	37000.00
20.06.21	Приход (2432 от 20.06.2021)	-	37000.00
20.06.21	Приход (2433 от 20.06.2021)	-	37000.00
20.06.21	Приход (2454 от 20.06.2021)	-	37000.00
21.06.21	Приход (2345 от 21.06.2021)	-	37000.00
21.06.21	Приход (2348 от 21.06.2021)	-	37000.00
21.06.21	Приход (2355 от 21.06.2021)	-	37000.00
22.06.21	Приход (2428 от 22.06.2021)	-	37000.00
22.06.21	Приход (2429 от 22.06.2021)	-	37000.00
23.06.21	Приход (2426 от 23.06.2021)	-	37000.00
23.06.21	Приход (2427 от 23.06.2021)	-	37000.00
23.06.21	Приход (2453 от 23.06.2021)	-	37000.00
24.06.21	Приход (2424 от 24.06.2021)	-	37000.00
24.06.21	Приход (2425 от 24.06.2021)	-	37000.00
25.06.21	Оплата (4278 от 25.06.2021)	923000.00	-
25.06.21	Приход (2461 от 25.06.2021)	-	37000.00
25.06.21	Приход (2337 от 25.06.2021)	-	37000.00
26.06.21	Приход (2451 от 26.06.2021)	-	37000.00
26.06.21	Приход (2444 от 27.06.2021)	-	37000.00
27.06.21	Приход (2466 от 27.06.2021)	-	37000.00
27.06.21	Приход (2467 от 27.06.2021)	-	37000.00
28.06.21	Оплата (4304 от 28.06.2021)	192000.00	-
28.06.21	Приход (2258 от 28.06.2021)	-	37000.00
28.06.21	Приход (2436 от 28.06.2021)	-	37000.00
29.06.21	Приход (2450 от 29.06.2021)	-	37000.00
29.06.21	Приход (2452 от 29.06.2021)	-	37000.00
30.06.21	Приход (2446 от 30.06.2021)	-	37000.00
30.06.21	Приход (2447 от 30.06.2021)	-	37000.00
01.07.21	Приход (2481 от 01.07.2021)	-	37000.00
05.07.21	Приход (2480 от 05.07.2021)	-	8000.00
08.07.21	Оплата (4512 от 08.07.2021)	485000.00	-
08.07.21	Оплата (4501 от 08.07.2021)	663127.20	-
08.07.21	Приход (2479 от 08.07.2021)	-	8000.00
11.07.21	Приход (2474 от 11.07.2021)	-	75000.00
11.07.21	Приход (2476 от 11.07.2021)	-	75000.00
12.07.21	Приход (2472 от 12.07.2021)	-	75000.00
12.07.21	Приход (2482 от 12.07.2021)	-	8000.00
13.07.21	Приход (2473 от 13.07.2021)	-	15000.00
13.07.21	Приход (2475 от 13.07.2021)	-	75000.00
14.07.21	Оплата (4674 от 14.07.2021)	711000.00	-
15.07.21	Приход (2601 от 15.07.2021)	-	37000.00
15.07.21	Приход (2602 от 15.07.2021)	-	39000.00
15.07.21	Приход (2616 от 15.07.2021)	-	39000.00
16.07.21	Приход (2468 от 16.07.2021)	-	8000.00
16.07.21	Приход (2606 от 16.07.2021)	-	39000.00
16.07.21	Приход (2495 от 16.07.2021)	-	75000.00
17.07.21	Приход (2609 от 17.07.2021)	-	37000.00
17.07.21	Приход (2618 от 17.07.2021)	-	37000.00
19.07.21	Приход (2470 от 19.07.2021)	-	8000.00
19.07.21	Приход (2619 от 19.07.2021)	-	39000.00
20.07.21	Приход (2607 от 20.07.2021)	-	37000.00
20.07.21	Приход (2614 от 20.07.2021)	-	80000.00
21.07.21	Приход (2597 от 21.07.2021)	-	37000.00
21.07.21	Приход (2608 от 21.07.2021)	-	37000.00
23.07.21	Приход (2594 от 23.07.2021)	-	37000.00
23.07.21	Приход (2595 от 23.07.2021)	-	39000.00
23.07.21	Приход (2605 от 23.07.2021)	-	37000.00
24.07.21	Приход (2611 от 24.07.2021)	-	37000.00
24.07.21	Приход (2620 от 24.07.2021)	-	37000.00
25.07.21	Приход (2598 от 25.07.2021)	-	37000.00
25.07.21	Приход (2610 от 25.07.2021)	-	35000.00
25.07.21	Приход (2612 от 25.07.2021)	-	35000.00
26.07.21	Приход (2613 от 26.07.2021)	-	37000.00
26.07.21	Приход (2623 от 26.07.2021)	-	37000.00
26.07.21	Приход (2624 от 26.07.2021)	-	37000.00
26.07.21	Приход (2626 от 26.07.2021)	-	37000.00
27.07.21	Приход (2593 от 27.07.2021)	-	37000.00
27.07.21	Приход (2599 от 27.07.2021)	-	37000.00
27.07.21	Приход (2625 от 27.07.2021)	-	37000.00
27.07.21	Приход (2627 от 27.07.2021)	-	37000.00
27.07.21	Приход (2656 от 27.07.2021)	-	37000.00
27.07.21	Приход (2657 от 27.07.2021)	-	37000.00
28.07.21	Приход (2621 от 28.07.2021)	-	8000.00
28.07.21	Приход (2622 от 28.07.2021)	-	8000.00
28.07.21	Приход (2628 от 28.07.2021)	-	8000.00
28.07.21	Приход (2629 от 28.07.2021)	-	6000.00
28.07.21	Приход (2666 от 28.07.2021)	-	37000.00
28.07.21	Приход (2667 от 28.07.2021)	-	37000.00
29.07.21	Приход (2630 от 29.07.2021)	-	8000.00
29.07.21	Приход (2632 от 29.07.2021)	-	8000.00
29.07.21	Приход (2596 от 30.07.2021)	-	37000.00
30.07.21	Приход (2658 от 30.07.2021)	-	37000.00
30.07.21	Приход (2664 от 30.07.2021)	-	37000.00
30.07.21	Приход (2665 от 30.07.2021)	-	37000.00
31.07.21	Приход (2631 от 31.07.2021)	-	50000.00
02.08.21	Приход (2592 от 02.08.2021)	-	85000.00
02.08.21	Приход (2600 от 02.08.2021)	-	80000.00
03.08.21	Оплата (5049 от 03.08.2021)	574000.00	-
03.08.21	Оплата (5047 от 03.08.2021)	555000.00	-
03.08.21	Приход (2659 от 03.08.2021)	-	85000.00
04.08.21	Приход (2660 от 04.08.2021)	-	50000.00
05.08.21	Приход (2661 от 05.08.2021)	-	75000.00
06.08.21	Приход (2663 от 06.08.2021)	-	76000.00
06.08.21	Приход (2749 от 05.08.2021)	-	90000.00
06.08.21	Приход (2794 от 06.08.2021)	-	39000.00
06.08.21	Приход (2795 от 07.08.2021)	-	37000.00
06.08.21	Приход (2744 от 06.08.2021)	-	34298.00
07.08.21	Приход (2747 от 07.08.2021)	-	37000.00
09.08.21	Приход (2655 от 09.08.2021)	-	75000.00
09.08.21	Приход (2671 от 09.08.2021)	-	85000.00
09.08.21	Приход (2752 от 09.08.2021)	-	85000.00
09.08.21	Приход (2967 от 09.08.2021)	-	37000.00
10.08.21	Приход (2796 от 10.08.2021)	-	17000.00
10.08.21	Приход (2797 от 10.08.2021)	-	39000.00
10.08.21	Приход (2654 от 10.08.2021)	-	80000.00
10.08.21	Приход (2751 от 10.08.2021)	-	80000.00
11.08.21	Приход (2748 от 11.08.2021)	-	85000.00
11.08.21	Приход (2917 от 11.08.2021)	-	39000.00
11.08.21	Приход (2952 от 11.08.2021)	-	43366.00
12.08.21	Приход (2806 от 12.08.2021)	-	37000.00
12.08.21	Приход (2807 от 12.08.2021)	-	35000.00
12.08.21	Приход (2808 от 12.08.2021)	-	42000.00
12.08.21	Приход (2809 от 12.08.2021)	-	39000.00
13.08.21	Приход (2800 от 13.08.2021)	-	39000.00
13.08.21	Приход (2801 от 13.08.2021)	-	35000.00
13.08.21	Приход (2803 от 13.08.2021)	-	35000.00
13.08.21	Приход (2753 от 13.08.2021)	-	17000.00
13.08.21	Приход (2754 от 13.08.2021)	-	8000.00
13.08.21	Приход (2757 от 13.08.2021)	-	37000.00
13.08.21	Приход (2756 от 13.08.2021)	-	80000.00
13.08.21	Приход (2894 от 13.08.2021)	-	39000.00
13.08.21	Приход (2910 от 13.08.2021)	-	35000.00
13.08.21	Приход (2924 от 13.08.2021)	-	37000.00
13.08.21	Приход (2926 от 13.08.2021)	-	39000.00
13.08.21	Приход (2927 от 13.08.2021)	-	37000.00
13.08.21	Приход (2928 от 13.08.2021)	-	36000.00
14.08.21	Приход (2804 от 14.08.2021)	-	37000.00
14.08.21	Приход (2810 от 14.08.2021)	-	37000.00
14.08.21	Приход (2811 от 14.08.2021)	-	37000.00
14.08.21	Приход (2756 от 14.08.2021)	-	35000.00
14.08.21	Приход (2901 от 14.08.2021)	-	37000.00
14.08.21	Приход (2902 от 14.08.2021)	-	37000.00
14.08.21	Приход (2932 от 14.08.2021)	-	145000.00
15.08.21	Приход (2798 от 15.08.2021)	-	37000.00
15.08.21	Приход (2750 от 15.08.2021)	-	37000.00
15.08.21	Приход (2900 от 15.08.2021)	-	37000.00
16.08.21	Приход (2785 от 16.08.2021)	-	85000.00
16.08.21	Приход (2787 от 16.08.2021)	-	85000.00
16.08.21	Приход (2799 от 16.08.2021)	-	39000.00
16.08.21	Приход (2895 от 16.08.2021)	-	39000.00
16.08.21	Приход (2899 от 16.08.2021)	-	37000.00
17.08.21	Приход (2786 от 17.08.2021)	-	80000.00
17.08.21	Приход (2788 от 17.08.2021)	-	85000.00
17.08.21	Приход (2920 от 17.08.2021)	-	85000.00
18.08.21	Оплата (5408 от 18.08.2021)	559000.00	-
18.08.21	Оплата (5409 от 18.08.2021)	539000.00	-
18.08.21	Оплата (5389 от 18.08.2021)	396000.00	-
18.08.21	Приход (2789 от 18.08.2021)	-	80000.00
18.08.21	Приход (2790 от 19.08.2021)	-	80000.00
18.08.21	Приход (2791 от 20.08.2021)	-	75000.00
19.08.21	Приход (2827 от 19.08.2021)	-	240000.00
19.08.21	Приход (2897 от 19.08.2021)	-	37000.00
19.08.21	Приход (2908 от 19.08.2021)	-	39000.00
19.08.21	Приход (2909 от 19.08.2021)	-	37000.00
19.08.21	Приход (2912 от 19.08.2021)	-	75134.40
19.08.21	Приход (2930 от 19.08.2021)	-	37000.00
20.08.21	Приход (2792 от 20.08.2021)	-	35000.00
20.08.21	Приход (2813 от 20.08.2021)	-	8000.00
20.08.21	Приход (2814 от 20.08.2021)	-	8000.00
20.08.21	Приход (2815 от 20.08.2021)	-	8000.00
20.08.21	Приход (2816 от 20.08.2021)	-	80000.00
20.08.21	Приход (2905 от 20.08.2021)	-	37000.00
20.08.21	Приход (2913 от 20.08.2021)	-	37000.00
20.08.21	Приход (2914 от 20.08.2021)	-	37000.00
20.08.21	Приход (2915 от 20.08.2021)	-	37000.00
20.08.21	Приход (2916 от 20.08.2021)	-	37000.00
22.08.21	Приход (2793 от 22.08.2021)	-	75000.00
22.08.21	Приход (2817 от 22.08.2021)	-	78000.00
23.08.21	Приход (2812 от 23.08.2021)	-	8000.00
23.08.21	Приход (2828 от 23.08.2021)	-	8000.00
23.08.21	Приход (2829 от 23.08.2021)	-	8000.00
23.08.21	Приход (2830 от 23.08.2021)	-	90000.00
23.08.21	Приход (2940 от 23.08.2021)	-	145000.00
23.08.21	Приход (2951 от 23.08.2021)	-	85000.00
23.08.21	Приход (2961 от 23.08.2021)	-	39000.00
23.08.21	Приход (2968 от 23.08.2021)	-	37000.00
24.08.21	Оплата (5505 от 24.08.2021)	876000.00	-
24.08.21	Приход (2831 от 24.08.2021)	-	37000.00
24.08.21	Приход (2832 от 24.08.2021)	-	80000.00
24.08.21	Приход (2982 от 24.08.2021)	-	37000.00
24.08.21	Приход (2893 от 24.08.2021)	-	240000.00
24.08.21	Приход (2907 от 24.08.2021)	-	40000.00
24.08.21	Приход (2933 от 24.08.2021)	-	8000.00
24.08.21	Приход (2935 от 24.08.2021)	-	8000.00
24.08.21	Приход (2936 от 24.08.2021)	-	8000.00
24.08.21	Приход (2938 от 24.08.2021)	-	75000.00
24.08.21	Приход (2939 от 24.08.2021)	-	75000.00
24.08.21	Приход (2949 от 24.08.2021)	-	240000.00
24.08.21	Приход (2950 от 24.08.2021)	-	85000.00
24.08.21	Приход (2956 от 24.08.2021)	-	37000.00
25.08.21	Приход (2918 от 25.08.2021)	-	150000.00
26.08.21	Приход (3166 от 26.08.2021)	-	150000.00
26.08.21	Приход (3045 от 26.08.2021)	-	39000.00
26.08.21	Приход (2984 от 26.08.2021)	-	37000.00
26.08.21	Приход (2959 от 26.08.2021)	-	37000.00
26.08.21	Приход (2960 от 26.08.2021)	-	39000.00
26.08.21	Приход (2962 от 26.08.2021)	-	39000.00
26.08.21	Приход (2966 от 26.08.2021)	-	37000.00
26.08.21	Приход (2969 от 26.08.2021)	-	37000.00
26.08.21	Приход (2963 от 26.08.2021)	-	37000.00
26.08.21	Приход (2972 от 26.08.2021)	-	39000.00
26.08.21	Приход (2973 от 26.08.2021)	-	37000.00
27.08.21	Оплата (5640 от 27.08.2021)	608298.00	-
27.08.21	Приход (2944 от 27.08.2021)	-	8000.00
27.08.21	Приход (2946 от 27.08.2021)	-	8000.00
27.08.21	Приход (2947 от 27.08.2021)	-	37000.00
27.08.21	Приход (2954 от 27.08.2021)	-	37000.00
27.08.21	Приход (2974 от 27.08.2021)	-	37000.00
27.08.21	Приход (2976 от 27.08.2021)	-	155000.00
28.08.21	Приход (3041 от 28.08.2021)	-	39000.00
28.08.21	Приход (2988 от 28.08.2021)	-	39000.00
28.08.21	Приход (2989 от 28.08.2021)	-	39000.00
28.08.21	Приход (2931 от 28.08.2021)	-	150000.00
28.08.21	Приход (2957 от 28.08.2021)	-	37000.00
28.08.21	Приход (2963 от 28.08.2021)	-	37000.00
28.08.21	Приход (2972 от 28.08.2021)	-	39000.00
28.08.21	Приход (2973 от 28.08.2021)	-	37000.00
29.08.21	Приход (3083 от 29.08.2021)	-	39000.00
29.08.21	Приход (3043 от 29.08.2021)	-	37000.00
29.08.21	Приход (3046 от 29.08.2021)	-	150000.00
29.08.21	Приход (2999 от 29.08.2021)	-	39000.00
29.08.21	Приход (2955 от 29.08.2021)	-	39000.00
29.08.21	Приход (2887 от 29.08.2021)	-	150000.00
29.08.21	Приход (2964 от 29.08.2021)	-	39000.00
30.08.21	Приход (2690 от 30.08.2021)	-	85000.00
30.08.21	Приход (2922 от 30.08.2021)	-	80000.00
30.08.21	Приход (2965 от 30.08.2021)	-	240000.00
31.08.21	Оплата (5684 от 31.08.2021)	703000.00	-
31.08.21	Оплата (5685 от 31.08.2021)	1141000.00	-
31.08.21	Приход (3104 от 31.08.2021)	-	39000.00
31.08.21	Приход (2985 от 31.08.2021)	-	37000.00
31.08.21	Приход (2986 от 31.08.2021)	-	39000.00
31.08.21	Приход (2919 от 31.08.2021)	-	85000.00
