acc_date	doc_text	sum_doc	my_debit	my_credit
06.02.2021	Акт №339 от 06.02.2021 (Счет-фактура №339 от 06.02.2021)	30000.00	-	30000.00
19.02.2021	Акт №454 от 19.02.2021 (Счет-фактура №454 от 19.02.2021)	23000.00	-	23000.00
19.02.2021	Платежное поручение №1022 от 19.02.2021	674000.00	674000.00	-
19.02.2021	Платежное поручение №1037 от 19.02.2021	162000.00	162000.00	-
19.02.2021	Платежное поручение №1038 от 19.02.2021	467000.00	467000.00	-
25.02.2021	Платежное поручение №1137 от 25.02.2021	541000.00	541000.00	-
25.02.2021	Платежное поручение №1138 от 25.02.2021	692000.00	692000.00	-
05.03.2021	Платежное поручение №1341 от 05.03.2021	590000.00	590000.00	-
05.03.2021	Платежное поручение №1344 от 05.03.2021	664000.00	664000.00	-
05.03.2021	Платежное поручение №1345 от 05.03.2021	569000.00	569000.00	-
05.03.2021	Платежное поручение №1348 от 05.03.2021	632000.00	632000.00	-
16.03.2021	Платежное поручение №1635 от 16.03.2021	1045335.60	1045335.60	-
16.03.2021	Платежное поручение №1636 от 16.03.2021	902000.00	902000.00	-
19.03.2021	Платежное поручение №1718 от 19.03.2021	724000.00	724000.00	-
19.03.2021	Платежное поручение №1719 от 19.03.2021	720000.00	720000.00	-
19.03.2021	Платежное поручение №1720 от 19.03.2021	478000.00	478000.00	-
29.03.2021	Платежное поручение №1976 от 29.03.2021	930000.00	930000.00	-
29.03.2021	Платежное поручение №1983 от 29.03.2021	719000.00	719000.00	-
29.03.2021	Платежное поручение №1984 от 29.03.2021	714000.00	714000.00	-
01.04.2021	Акт №172 от 22.01.2021 (Счет-фактура №172 от 22.01.2021)	35000.00	-	35000.00
01.04.2021	Акт №209 от 08.02.2021 (Счет-фактура №209 от 08.02.2021)	35000.00	-	35000.00
01.04.2021	Акт №211 от 31.01.2021 (Счет-фактура №211 от 31.01.2021)	35000.00	-	35000.00
01.04.2021	Акт №212 от 25.01.2021 (Счет-фактура №212 от 25.01.2021)	37000.00	-	37000.00
01.04.2021	Акт №213 от 20.01.2021 (Счет-фактура №213 от 20.01.2021)	35000.00	-	35000.00
01.04.2021	Акт №215 от 20.01.2021 (Счет-фактура №215 от 20.01.2021)	35000.00	-	35000.00
01.04.2021	Акт №216 от 21.01.2021 (Счет-фактура №216 от 21.01.2021)	15000.00	-	15000.00
01.04.2021	Акт №217 от 21.01.2021 (Счет-фактура №217 от 21.01.2021)	8000.00	-	8000.00
01.04.2021	Акт №218 от 19.01.2021 (Счет-фактура №218 от 19.01.2021)	8000.00	-	8000.00
01.04.2021	Акт №219 от 20.01.2021 (Счет-фактура №219 от 20.01.2021)	8000.00	-	8000.00
01.04.2021	Акт №220 от 21.01.2021 (Счет-фактура №220 от 21.01.2021)	37000.00	-	37000.00
01.04.2021	Акт №233 от 21.01.2021 (Счет-фактура №233 от 21.01.2021)	35000.00	-	35000.00
01.04.2021	Акт №234 от 20.01.2021 (Счет-фактура №234 от 20.01.2021)	37000.00	-	37000.00
01.04.2021	Акт №235 от 23.01.2021 (Счет-фактура №235 от 23.01.2021)	35000.00	-	35000.00
01.04.2021	Акт №236 от 23.01.2021 (Счет-фактура №236 от 23.01.2021)	35000.00	-	35000.00
01.04.2021	Акт №237 от 22.01.2021 (Счет-фактура №237 от 22.01.2021)	20000.00	-	20000.00
01.04.2021	Акт №238 от 21.01.2021 (Счет-фактура №238 от 21.01.2021)	37000.00	-	37000.00
01.04.2021	Акт №239 от 23.01.2021 (Счет-фактура №239 от 23.01.2021)	35000.00	-	35000.00
01.04.2021	Акт №240 от 23.01.2021 (Счет-фактура №240 от 23.01.2021)	37000.00	-	37000.00
01.04.2021	Акт №241 от 22.01.2021 (Счет-фактура №241 от 22.01.2021)	37000.00	-	37000.00
01.04.2021	Акт №242 от 20.01.2021 (Счет-фактура №242 от 20.01.2021)	35000.00	-	35000.00
01.04.2021	Акт №243 от 21.01.2021 (Счет-фактура №243 от 21.01.2021)	35000.00	-	35000.00
01.04.2021	Акт №244 от 23.01.2021 (Счет-фактура №244 от 23.01.2021)	8000.00	-	8000.00
01.04.2021	Акт №246 от 26.01.2021 (Счет-фактура №246 от 26.01.2021)	8000.00	-	8000.00
01.04.2021	Акт №247 от 28.01.2021 (Счет-фактура №247 от 28.01.2021)	35000.00	-	35000.00
01.04.2021	Акт №248 от 28.01.2021 (Счет-фактура №248 от 28.01.2021)	35000.00	-	35000.00
01.04.2021	Акт №249 от 26.01.2021 (Счет-фактура №249 от 26.01.2021)	35000.00	-	35000.00
01.04.2021	Акт №250 от 01.02.2021 (Счет-фактура №250 от 01.02.2021)	8000.00	-	8000.00
01.04.2021	Акт №251 от 31.01.2021 (Счет-фактура №251 от 31.01.2021)	35000.00	-	35000.00
01.04.2021	Акт №252 от 25.01.2021 (Счет-фактура №252 от 25.01.2021)	37000.00	-	37000.00
01.04.2021	Акт №253 от 26.01.2021 (Счет-фактура №253 от 26.01.2021)	35000.00	-	35000.00
01.04.2021	Акт №254 от 27.01.2021 (Счет-фактура №254 от 27.01.2021)	8000.00	-	8000.00
01.04.2021	Акт №255 от 23.01.2021 (Счет-фактура №255 от 23.01.2021)	35000.00	-	35000.00
01.04.2021	Акт №256 от 21.01.2021 (Счет-фактура №256 от 21.01.2021)	37000.00	-	37000.00
01.04.2021	Акт №257 от 23.01.2021 (Счет-фактура №257 от 23.01.2021)	37000.00	-	37000.00
01.04.2021	Акт №258 от 20.01.2021 (Счет-фактура №258 от 20.01.2021)	37000.00	-	37000.00
01.04.2021	Акт №259 от 22.01.2021 (Счет-фактура №259 от 22.01.2021)	35000.00	-	35000.00
01.04.2021	Акт №260 от 22.01.2021 (Счет-фактура №260 от 22.01.2021)	35000.00	-	35000.00
01.04.2021	Акт №292 от 30.01.2021 (Счет-фактура №292 от 30.01.2021)	35000.00	-	35000.00
01.04.2021	Акт №293 от 24.01.2021 (Счет-фактура №293 от 24.01.2021)	35000.00	-	35000.00
01.04.2021	Акт №294 от 26.01.2021 (Счет-фактура №294 от 26.01.2021)	35000.00	-	35000.00
01.04.2021	Акт №297 от 31.01.2021 (Счет-фактура №297 от 31.01.2021)	35000.00	-	35000.00
01.04.2021	Акт №298 от 21.01.2021 (Счет-фактура №298 от 21.01.2021)	35000.00	-	35000.00
01.04.2021	Акт №299 от 01.02.2021 (Счет-фактура №299 от 01.02.2021)	37000.00	-	37000.00
01.04.2021	Акт №300 от 24.01.2021 (Счет-фактура №300 от 24.01.2021)	35000.00	-	35000.00
01.04.2021	Акт №301 от 26.01.2021 (Счет-фактура №301 от 26.01.2021)	35000.00	-	35000.00
01.04.2021	Акт №302 от 25.01.2021 (Счет-фактура №302 от 25.01.2021)	80000.00	-	80000.00
01.04.2021	Акт №303 от 26.01.2021 (Счет-фактура №303 от 26.01.2021)	35000.00	-	35000.00
01.04.2021	Акт №304 от 26.01.2021 (Счет-фактура №304 от 26.01.2021)	35000.00	-	35000.00
01.04.2021	Акт №306 от 20.01.2021 (Счет-фактура №306 от 20.01.2021)	35000.00	-	35000.00
01.04.2021	Акт №307 от 25.01.2021 (Счет-фактура №307 от 25.01.2021)	35000.00	-	35000.00
01.04.2021	Акт №309 от 24.01.2021 (Счет-фактура №309 от 24.01.2021)	35000.00	-	35000.00
01.04.2021	Акт №310 от 22.01.2021 (Счет-фактура №310 от 22.01.2021)	35000.00	-	35000.00
01.04.2021	Акт №311 от 23.01.2021 (Счет-фактура №311 от 23.01.2021)	35000.00	-	35000.00
01.04.2021	Акт №313 от 01.02.2021 (Счет-фактура №313 от 01.02.2021)	37000.00	-	37000.00
01.04.2021	Акт №314 от 25.01.2021 (Счет-фактура №314 от 25.01.2021)	37000.00	-	37000.00
01.04.2021	Акт №315 от 26.01.2021 (Счет-фактура №315 от 26.01.2021)	35000.00	-	35000.00
01.04.2021	Акт №317 от 26.01.2021 (Счет-фактура №317 от 26.01.2021)	37000.00	-	37000.00
01.04.2021	Акт №319 от 22.01.2021 (Счет-фактура №319 от 22.01.2021)	37000.00	-	37000.00
01.04.2021	Акт №320 от 22.01.2021 (Счет-фактура №320 от 22.01.2021)	35000.00	-	35000.00
01.04.2021	Акт №321 от 24.01.2021 (Счет-фактура №321 от 24.01.2021)	35000.00	-	35000.00
01.04.2021	Акт №323 от 24.01.2021 (Счет-фактура №323 от 24.01.2021)	35000.00	-	35000.00
01.04.2021	Акт №325 от 22.01.2021 (Счет-фактура №325 от 22.01.2021)	35000.00	-	35000.00
01.04.2021	Акт №326 от 23.01.2021 (Счет-фактура №326 от 23.01.2021)	35000.00	-	35000.00
01.04.2021	Акт №329 от 02.02.2021 (Счет-фактура №329 от 02.02.2021)	8000.00	-	8000.00
01.04.2021	Акт №330 от 21.01.2021 (Счет-фактура №330 от 21.01.2021)	37000.00	-	37000.00
01.04.2021	Акт №331 от 22.01.2021 (Счет-фактура №331 от 22.01.2021)	35000.00	-	35000.00
01.04.2021	Акт №332 от 24.01.2021 (Счет-фактура №332 от 24.01.2021)	35000.00	-	35000.00
01.04.2021	Акт №333 от 20.01.2021 (Счет-фактура №333 от 20.01.2021)	35000.00	-	35000.00
01.04.2021	Акт №334 от 21.01.2021 (Счет-фактура №334 от 21.01.2021)	73000.00	-	73000.00
01.04.2021	Акт №335 от 25.01.2021 (Счет-фактура №335 от 25.01.2021)	145000.00	-	145000.00
01.04.2021	Акт №336 от 21.01.2021 (Счет-фактура №336 от 21.01.2021)	50000.00	-	50000.00
01.04.2021	Акт №337 от 27.01.2021 (Счет-фактура №337 от 27.01.2021)	37000.00	-	37000.00
01.04.2021	Акт №341 от 04.02.2021 (Счет-фактура №341 от 04.02.2021)	37000.00	-	37000.00
01.04.2021	Акт №342 от 07.02.2021 (Счет-фактура №342 от 07.02.2021)	35000.00	-	35000.00
01.04.2021	Акт №343 от 01.02.2021 (Счет-фактура №343 от 01.02.2021)	37000.00	-	37000.00
01.04.2021	Акт №344 от 09.02.2021 (Счет-фактура №344 от 09.02.2021)	37000.00	-	37000.00
01.04.2021	Акт №347 от 09.02.2021 (Счет-фактура №347 от 09.02.2021)	37000.00	-	37000.00
01.04.2021	Акт №348 от 10.02.2021 (Счет-фактура №348 от 10.02.2021)	37000.00	-	37000.00
01.04.2021	Акт №350 от 08.02.2021 (Счет-фактура №350 от 08.02.2021)	35000.00	-	35000.00
01.04.2021	Акт №396 от 15.02.2021 (Счет-фактура №396 от 15.02.2021)	37000.00	-	37000.00
01.04.2021	Акт №399 от 15.02.2021 (Счет-фактура №399 от 15.02.2021)	37000.00	-	37000.00
01.04.2021	Акт №400 от 15.02.2021 (Счет-фактура №400 от 15.02.2021)	35000.00	-	35000.00
01.04.2021	Акт №401 от 15.02.2021 (Счет-фактура №401 от 15.02.2021)	20000.00	-	20000.00
01.04.2021	Акт №402 от 11.02.2021 (Счет-фактура №402 от 11.02.2021)	37000.00	-	37000.00
01.04.2021	Акт №403 от 29.01.2021 (Счет-фактура №403 от 29.01.2021)	35000.00	-	35000.00
01.04.2021	Акт №404 от 08.02.2021 (Счет-фактура №404 от 08.02.2021)	35000.00	-	35000.00
01.04.2021	Акт №405 от 02.02.2021 (Счет-фактура №405 от 02.02.2021)	8000.00	-	8000.00
01.04.2021	Акт №406 от 29.01.2021 (Счет-фактура №406 от 29.01.2021)	35000.00	-	35000.00
01.04.2021	Акт №407 от 05.02.2021 (Счет-фактура №407 от 05.02.2021)	35000.00	-	35000.00
01.04.2021	Акт №408 от 05.02.2021 (Счет-фактура №408 от 05.02.2021)	35000.00	-	35000.00
01.04.2021	Акт №409 от 09.02.2021 (Счет-фактура №409 от 09.02.2021)	84000.00	-	84000.00
01.04.2021	Акт №410 от 05.02.2021 (Счет-фактура №410 от 05.02.2021)	35000.00	-	35000.00
01.04.2021	Акт №411 от 05.02.2021 (Счет-фактура №411 от 05.02.2021)	35000.00	-	35000.00
01.04.2021	Акт №412 от 28.01.2021 (Счет-фактура №412 от 28.01.2021)	35000.00	-	35000.00
01.04.2021	Акт №414 от 08.02.2021 (Счет-фактура №414 от 08.02.2021)	35000.00	-	35000.00
01.04.2021	Акт №415 от 06.02.2021 (Счет-фактура №415 от 06.02.2021)	35000.00	-	35000.00
01.04.2021	Акт №416 от 26.01.2021 (Счет-фактура №416 от 26.01.2021)	37000.00	-	37000.00
01.04.2021	Акт №417 от 06.02.2021 (Счет-фактура №417 от 06.02.2021)	35000.00	-	35000.00
01.04.2021	Акт №418 от 10.02.2021 (Счет-фактура №418 от 10.02.2021)	35000.00	-	35000.00
01.04.2021	Акт №419 от 24.01.2021 (Счет-фактура №419 от 24.01.2021)	35000.00	-	35000.00
01.04.2021	Акт №420 от 04.02.2021 (Счет-фактура №420 от 04.02.2021)	35000.00	-	35000.00
01.04.2021	Акт №421 от 04.02.2021 (Счет-фактура №421 от 04.02.2021)	35000.00	-	35000.00
01.04.2021	Акт №423 от 27.01.2021 (Счет-фактура №423 от 27.01.2021)	35000.00	-	35000.00
01.04.2021	Акт №424 от 25.01.2021 (Счет-фактура №424 от 25.01.2021)	37000.00	-	37000.00
01.04.2021	Акт №425 от 07.02.2021 (Счет-фактура №425 от 07.02.2021)	35000.00	-	35000.00
01.04.2021	Акт №427 от 07.02.2021 (Счет-фактура №427 от 07.02.2021)	35000.00	-	35000.00
01.04.2021	Акт №428 от 05.02.2021 (Счет-фактура №428 от 05.02.2021)	37000.00	-	37000.00
01.04.2021	Акт №429 от 11.02.2021 (Счет-фактура №429 от 11.02.2021)	35000.00	-	35000.00
01.04.2021	Акт №430 от 01.02.2021 (Счет-фактура №430 от 01.02.2021)	37000.00	-	37000.00
01.04.2021	Акт №431 от 10.02.2021 (Счет-фактура №431 от 10.02.2021)	35000.00	-	35000.00
01.04.2021	Акт №432 от 28.01.2021 (Счет-фактура №432 от 28.01.2021)	37000.00	-	37000.00
01.04.2021	Акт №433 от 04.02.2021 (Счет-фактура №433 от 04.02.2021)	37000.00	-	37000.00
01.04.2021	Акт №434 от 28.01.2021 (Счет-фактура №434 от 28.01.2021)	35000.00	-	35000.00
01.04.2021	Акт №435 от 22.01.2021 (Счет-фактура №435 от 22.01.2021)	35000.00	-	35000.00
01.04.2021	Акт №436 от 02.02.2021 (Счет-фактура №436 от 02.02.2021)	145000.00	-	145000.00
01.04.2021	Акт №437 от 16.02.2021 (Счет-фактура №437 от 16.02.2021)	35000.00	-	35000.00
01.04.2021	Акт №438 от 16.02.2021 (Счет-фактура №438 от 16.02.2021)	35000.00	-	35000.00
01.04.2021	Акт №439 от 16.02.2021 (Счет-фактура №439 от 16.02.2021)	37000.00	-	37000.00
01.04.2021	Акт №440 от 16.02.2021 (Счет-фактура №440 от 16.02.2021)	35000.00	-	35000.00
01.04.2021	Акт №447 от 11.02.2021 (Счет-фактура №447 от 11.02.2021)	80000.00	-	80000.00
01.04.2021	Акт №448 от 18.02.2021 (Счет-фактура №448 от 18.02.2021)	8000.00	-	8000.00
01.04.2021	Акт №449 от 17.02.2021 (Счет-фактура №449 от 17.02.2021)	35000.00	-	35000.00
01.04.2021	Акт №450 от 18.02.2021 (Счет-фактура №450 от 18.02.2021)	35000.00	-	35000.00
01.04.2021	Акт №451 от 17.02.2021 (Счет-фактура №451 от 17.02.2021)	35000.00	-	35000.00
01.04.2021	Акт №452 от 16.02.2021 (Счет-фактура №452 от 16.02.2021)	80000.00	-	80000.00
01.04.2021	Акт №453 от 16.02.2021 (Счет-фактура №453 от 16.02.2021)	37000.00	-	37000.00
01.04.2021	Акт №455 от 15.02.2021 (Счет-фактура №455 от 15.02.2021)	80000.00	-	80000.00
01.04.2021	Акт №462 от 17.02.2021 (Счет-фактура №462 от 17.02.2021)	35000.00	-	35000.00
01.04.2021	Акт №463 от 16.02.2021 (Счет-фактура №463 от 16.02.2021)	20000.00	-	20000.00
01.04.2021	Акт №465 от 18.02.2021 (Счет-фактура №465 от 18.02.2021)	35000.00	-	35000.00
01.04.2021	Акт №490 от 04.02.2021 (Счет-фактура №490 от 04.02.2021)	77000.00	-	77000.00
01.04.2021	Акт №491 от 07.02.2021 (Счет-фактура №491 от 07.02.2021)	35000.00	-	35000.00
01.04.2021	Акт №492 от 02.02.2021 (Счет-фактура №492 от 02.02.2021)	37000.00	-	37000.00
01.04.2021	Акт №493 от 04.02.2021 (Счет-фактура №493 от 04.02.2021)	35000.00	-	35000.00
01.04.2021	Акт №494 от 04.02.2021 (Счет-фактура №494 от 04.02.2021)	35000.00	-	35000.00
01.04.2021	Акт №495 от 06.02.2021 (Счет-фактура №495 от 06.02.2021)	35000.00	-	35000.00
01.04.2021	Акт №496 от 09.02.2021 (Счет-фактура №496 от 09.02.2021)	35000.00	-	35000.00
01.04.2021	Акт №497 от 09.02.2021 (Счет-фактура №497 от 09.02.2021)	35000.00	-	35000.00
01.04.2021	Акт №498 от 10.02.2021 (Счет-фактура №498 от 10.02.2021)	35000.00	-	35000.00
01.04.2021	Акт №499 от 23.02.2021 (Счет-фактура №499 от 23.02.2021)	80000.00	-	80000.00
01.04.2021	Акт №501 от 18.02.2021 (Счет-фактура №501 от 18.02.2021)	75000.00	-	75000.00
01.04.2021	Акт №502 от 18.02.2021 (Счет-фактура №502 от 18.02.2021)	80000.00	-	80000.00
01.04.2021	Акт №503 от 19.02.2021 (Счет-фактура №503 от 19.02.2021)	75000.00	-	75000.00
01.04.2021	Акт №504 от 20.02.2021 (Счет-фактура №504 от 20.02.2021)	37000.00	-	37000.00
01.04.2021	Акт №505 от 20.02.2021 (Счет-фактура №505 от 20.02.2021)	35000.00	-	35000.00
01.04.2021	Акт №506 от 21.02.2021 (Счет-фактура №506 от 21.02.2021)	80000.00	-	80000.00
01.04.2021	Акт №551 от 20.01.2021 (Счет-фактура №551 от 20.01.2021)	37000.00	-	37000.00
01.04.2021	Акт №559 от 22.02.2021 (Счет-фактура №559 от 22.02.2021)	80000.00	-	80000.00
01.04.2021	Акт №563 от 22.02.2021 (Счет-фактура №563 от 22.02.2021)	80000.00	-	80000.00
01.04.2021	Акт №565 от 23.02.2021 (Счет-фактура №565 от 23.02.2021)	37000.00	-	37000.00
01.04.2021	Акт №567 от 23.02.2021 (Счет-фактура №567 от 23.02.2021)	80000.00	-	80000.00
01.04.2021	Акт №569 от 22.02.2021 (Счет-фактура №569 от 22.02.2021)	35000.00	-	35000.00
01.04.2021	Акт №570 от 23.02.2021 (Счет-фактура №570 от 23.02.2021)	37000.00	-	37000.00
01.04.2021	Акт №571 от 23.02.2021 (Счет-фактура №571 от 23.02.2021)	35000.00	-	35000.00
01.04.2021	Акт №572 от 23.02.2021 (Счет-фактура №572 от 23.02.2021)	63335.60	-	63335.60
01.04.2021	Акт №574 от 22.02.2021 (Счет-фактура №574 от 22.02.2021)	35000.00	-	35000.00
01.04.2021	Акт №575 от 23.02.2021 (Счет-фактура №575 от 23.02.2021)	35000.00	-	35000.00
01.04.2021	Акт №594 от 22.02.2021 (Счет-фактура №594 от 22.02.2021)	50000.00	-	50000.00
01.04.2021	Акт №595 от 02.02.2021 (Счет-фактура №595 от 02.02.2021)	37000.00	-	37000.00
01.04.2021	Акт №596 от 02.02.2021 (Счет-фактура №596 от 02.02.2021)	37000.00	-	37000.00
01.04.2021	Акт №597 от 05.02.2021 (Счет-фактура №597 от 06.02.2021)	37000.00	-	37000.00
01.04.2021	Акт №598 от 06.02.2021 (Счет-фактура №598 от 06.02.2021)	37000.00	-	37000.00
01.04.2021	Акт №599 от 06.02.2021 (Счет-фактура №599 от 07.02.2021)	37000.00	-	37000.00
01.04.2021	Акт №601 от 07.02.2021 (Счет-фактура №601 от 07.02.2021)	37000.00	-	37000.00
01.04.2021	Акт №602 от 09.02.2021 (Счет-фактура №602 от 09.02.2021)	35000.00	-	35000.00
01.04.2021	Акт №603 от 10.02.2021 (Счет-фактура №603 от 10.02.2021)	37000.00	-	37000.00
01.04.2021	Акт №604 от 10.02.2021 (Счет-фактура №604 от 10.02.2021)	37000.00	-	37000.00
01.04.2021	Акт №605 от 10.02.2021 (Счет-фактура №605 от 11.02.2021)	35000.00	-	35000.00
01.04.2021	Акт №606 от 10.02.2021 (Счет-фактура №606 от 10.02.2021)	35000.00	-	35000.00
01.04.2021	Акт №607 от 11.02.2021 (Счет-фактура №607 от 11.02.2021)	35000.00	-	35000.00
01.04.2021	Акт №608 от 11.02.2021 (Счет-фактура №608 от 11.02.2021)	35000.00	-	35000.00
01.04.2021	Акт №609 от 12.02.2021 (Счет-фактура №609 от 12.02.2021)	37000.00	-	37000.00
01.04.2021	Акт №610 от 12.02.2021 (Счет-фактура №610 от 12.02.2021)	35000.00	-	35000.00
01.04.2021	Акт №621 от 12.02.2021 (Счет-фактура №621 от 12.02.2021)	37000.00	-	37000.00
01.04.2021	Акт №625 от 13.02.2021 (Счет-фактура №625 от 13.02.2021)	35000.00	-	35000.00
01.04.2021	Акт №626 от 15.02.2021 (Счет-фактура №626 от 15.02.2021)	37000.00	-	37000.00
01.04.2021	Акт №627 от 14.02.2021 (Счет-фактура №627 от 14.02.2021)	35000.00	-	35000.00
01.04.2021	Акт №628 от 14.02.2021 (Счет-фактура №628 от 14.02.2021)	80000.00	-	80000.00
01.04.2021	Акт №629 от 17.02.2021 (Счет-фактура №629 от 17.02.2021)	80000.00	-	80000.00
01.04.2021	Акт №630 от 11.02.2021 (Счет-фактура №630 от 16.02.2021)	37000.00	-	37000.00
01.04.2021	Акт №631 от 16.02.2021 (Счет-фактура №631 от 16.02.2021)	80000.00	-	80000.00
01.04.2021	Акт №632 от 12.02.2021 (Счет-фактура №632 от 12.02.2021)	37000.00	-	37000.00
01.04.2021	Акт №655 от 24.02.2021 (Счет-фактура №655 от 24.02.2021)	37000.00	-	37000.00
01.04.2021	Акт №656 от 24.02.2021 (Счет-фактура №656 от 24.02.2021)	35000.00	-	35000.00
01.04.2021	Акт №657 от 24.02.2021 (Счет-фактура №657 от 24.02.2021)	37000.00	-	37000.00
01.04.2021	Акт №662 от 28.01.2021 (Счет-фактура №662 от 28.01.2021)	35000.00	-	35000.00
01.04.2021	Акт №664 от 11.02.2021 (Счет-фактура №664 от 11.02.2021)	35000.00	-	35000.00
01.04.2021	Акт №667 от 23.02.2021 (Счет-фактура №667 от 23.02.2021)	80000.00	-	80000.00
01.04.2021	Акт №669 от 25.02.2021 (Счет-фактура №659 от 25.02.2021)	8000.00	-	8000.00
01.04.2021	Акт №671 от 27.02.2021 (Счет-фактура №671 от 27.02.2021)	35000.00	-	35000.00
01.04.2021	Акт №674 от 27.02.2021 (Счет-фактура №674 от 27.02.2021)	35000.00	-	35000.00
01.04.2021	Акт №676 от 28.02.2021 (Счет-фактура №676 от 28.02.2021)	35000.00	-	35000.00
01.04.2021	Акт №678 от 24.02.2021 (Счет-фактура №678 от 24.02.2021)	20000.00	-	20000.00
01.04.2021	Акт №681 от 28.02.2021 (Счет-фактура №681 от 28.02.2021)	35000.00	-	35000.00
01.04.2021	Акт №682 от 28.02.2021 (Счет-фактура №682 от 28.02.2021)	35000.00	-	35000.00
01.04.2021	Акт №685 от 28.02.2021 (Счет-фактура №685 от 28.02.2021)	35000.00	-	35000.00
01.04.2021	Акт №688 от 21.02.2021 (Счет-фактура №688 от 21.02.2021)	80000.00	-	80000.00
01.04.2021	Акт №689 от 25.02.2021 (Счет-фактура №689 от 25.02.2021)	80000.00	-	80000.00
01.04.2021	Акт №692 от 25.02.2021 (Счет-фактура №692 от 25.02.2021)	80000.00	-	80000.00
01.04.2021	Акт №696 от 23.02.2021 (Счет-фактура №696 от 23.02.2021)	35000.00	-	35000.00
01.04.2021	Акт №699 от 28.02.2021 (Счет-фактура №699 от 26.02.2021)	80000.00	-	80000.00
01.04.2021	Акт №701 от 28.02.2021 (Счет-фактура №701 от 28.02.2021)	80000.00	-	80000.00
01.04.2021	Акт №702 от 01.03.2021 (Счет-фактура №702 от 01.03.2021)	35000.00	-	35000.00
01.04.2021	Акт №704 от 19.02.2021 (Счет-фактура №704 от 19.02.2021)	80000.00	-	80000.00
01.04.2021	Акт №705 от 19.02.2021 (Счет-фактура №705 от 14.02.2021)	35000.00	-	35000.00
01.04.2021	Акт №707 от 14.02.2021 (Счет-фактура №707 от 14.02.2021)	35000.00	-	35000.00
01.04.2021	Акт №708 от 18.02.2021 (Счет-фактура №708 от 18.02.2021)	145000.00	-	145000.00
01.04.2021	Акт №709 от 12.02.2021 (Счет-фактура №709 от 12.02.2021)	35000.00	-	35000.00
01.04.2021	Акт №710 от 16.02.2021 (Счет-фактура №710 от 16.02.2021)	80000.00	-	80000.00
02.04.2021	Платежное поручение №2111 от 02.04.2021	722000.00	722000.00	-
02.04.2021	Платежное поручение №2116 от 02.04.2021	706000.00	706000.00	-
02.04.2021	Платежное поручение №2117 от 02.04.2021	668000.00	668000.00	-
02.04.2021	Платежное поручение №2118 от 02.04.2021	679000.00	679000.00	-
13.04.2021	Платежное поручение №2411 от 13.04.2021	753000.00	753000.00	-
16.04.2021	Платежное поручение №2574 от 16.04.2021	802000.00	802000.00	-
16.04.2021	Платежное поручение №2575 от 16.04.2021	793000.00	793000.00	-
16.04.2021	Платежное поручение №2576 от 16.04.2021	649000.00	649000.00	-
20.04.2021	Платежное поручение №2662 от 20.04.2021	530000.00	530000.00	-
20.04.2021	Платежное поручение №2663 от 20.04.2021	407301.37	407301.37	-
20.04.2021	Платежное поручение №2668 от 20.04.2021	637000.00	637000.00	-
26.04.2021	Платежное поручение №2864 от 26.04.2021	563000.00	563000.00	-
26.04.2021	Платежное поручение №2881 от 26.04.2021	713000.00	713000.00	-
11.05.2021	Платежное поручение №3087 от 11.05.2021	308000.00	308000.00	-
11.05.2021	Платежное поручение №3088 от 11.05.2021	838000.00	838000.00	-
14.05.2021	Платежное поручение №3203 от 14.05.2021	471000.00	471000.00	-
14.05.2021	Платежное поручение №3213 от 14.05.2021	692000.00	692000.00	-
14.05.2021	Платежное поручение №3214 от 14.05.2021	635000.00	635000.00	-
18.05.2021	Платежное поручение №3316 от 18.05.2021	759000.00	759000.00	-
18.05.2021	Платежное поручение №3318 от 18.05.2021	776000.00	776000.00	-
18.05.2021	Платежное поручение №3319 от 18.05.2021	858000.00	858000.00	-
21.05.2021	Платежное поручение №3411 от 21.05.2021	761000.00	761000.00	-
27.05.2021	Платежное поручение №3562 от 27.05.2021	605000.00	605000.00	-
27.05.2021	Платежное поручение №3563 от 27.05.2021	794000.00	794000.00	-
03.06.2021	Платежное поручение №3709 от 03.06.2021	596000.00	596000.00	-
03.06.2021	Платежное поручение №3710 от 03.06.2021	696000.00	696000.00	-
03.06.2021	Платежное поручение №3711 от 03.06.2021	755000.00	755000.00	-
08.06.2021	Платежное поручение №3803 от 08.06.2021	538000.00	538000.00	-
08.06.2021	Платежное поручение №3805 от 08.06.2021	835000.00	835000.00	-
08.06.2021	Платежное поручение №3806 от 08.06.2021	844100.00	844100.00	-
11.06.2021	Платежное поручение №3962 от 11.06.2021	872000.00	872000.00	-
11.06.2021	Платежное поручение №3963 от 11.06.2021	862492.60	862492.60	-
16.06.2021	Платежное поручение №4103 от 16.06.2021	570000.00	570000.00	-
16.06.2021	Платежное поручение №4104 от 16.06.2021	628000.00	628000.00	-
17.06.2021	Платежное поручение №4278 от 17.06.2021	585000.00	585000.00	-
25.06.2021	Платежное поручение №4304 от 25.06.2021	923000.00	923000.00	-
28.06.2021	Платежное поручение №4501 от 26.06.2021	192000.00	192000.00	-
01.07.2021	Акт №1004 от 19.03.2021 (Счет-фактура №1004 от 19.03.2021)	8000.00	-	8000.00
01.07.2021	Акт №1005 от 18.03.2021 (Счет-фактура №1005 от 18.03.2021)	8000.00	-	8000.00
01.07.2021	Акт №1120 от 23.03.2021 (Счет-фактура №1120 от 23.03.2021)	8000.00	-	8000.00
01.07.2021	Акт №1121 от 29.03.2021 (Счет-фактура №1121 от 29.03.2021)	8000.00	-	8000.00
01.07.2021	Акт №1122 от 30.03.2021 (Счет-фактура №1122 от 30.03.2021)	8000.00	-	8000.00
01.07.2021	Акт №1123 от 26.03.2021 (Счет-фактура №1123 от 26.03.2021)	8000.00	-	8000.00
01.07.2021	Акт №1341 от 12.04.2021 (Счет-фактура №1341 от 12.04.2021)	8000.00	-	8000.00
01.07.2021	Акт №1371 от 16.04.2021 (Счет-фактура №1371 от 16.04.2021)	8000.00	-	8000.00
01.07.2021	Акт №1372 от 19.04.2021 (Счет-фактура №1372 от 19.04.2021)	8000.00	-	8000.00
01.07.2021	Акт №1373 от 15.04.2021 (Счет-фактура №1373 от 15.04.2021)	8000.00	-	8000.00
01.07.2021	Акт №1400 от 20.04.2021 (Счет-фактура №1400 от 20.04.2021)	8000.00	-	8000.00
01.07.2021	Акт №1958 от 12.05.2021 (Счет-фактура №1958 от 12.05.2021)	8000.00	-	8000.00
01.07.2021	Акт №836 от 05.03.2021 (Счет-фактура №836 от 05.03.2021)	8000.00	-	8000.00
01.07.2021	Акт №904 от 04.03.2021 (Счет-фактура №904 от 04.03.2021)	8000.00	-	8000.00
01.07.2021	Акт №914 от 04.03.2021 (Счет-фактура №914 от 04.03.2021)	8000.00	-	8000.00
01.07.2021	Акт №926 от 12.03.2021 (Счет-фактура №926 от 12.03.2021)	8000.00	-	8000.00
01.07.2021	Акт №998 от 15.03.2021 (Счет-фактура №998 от 15.03.2021)	8000.00	-	8000.00
05.07.2021	Акт №1079 от 23.03.2021 (Счет-фактура №1079 от 23.03.2021)	150000.00	-	150000.00
05.07.2021	Акт №1119 от 30.03.2021 (Счет-фактура №1119 от 30.03.2021)	39000.00	-	39000.00
05.07.2021	Акт №1931 от 22.04.2021 (Счет-фактура №1931 от 22.04.2021)	75000.00	-	75000.00
05.07.2021	Акт №1933 от 13.04.2021 (Счет-фактура №1933 от 13.04.2021)	39000.00	-	39000.00
05.07.2021	Акт №1936 от 02.04.2021 (Счет-фактура №1936 от 02.04.2021)	37000.00	-	37000.00
05.07.2021	Акт №1941 от 22.04.2021 (Счет-фактура №1941 от 22.04.2021)	39000.00	-	39000.00
05.07.2021	Акт №1942 от 19.04.2021 (Счет-фактура №1942 от 19.04.2021)	37000.00	-	37000.00
05.07.2021	Акт №1943 от 24.04.2021 (Счет-фактура №1943 от 24.04.2021)	75000.00	-	75000.00
05.07.2021	Акт №1990 от 06.05.2021 (Счет-фактура №1990 от 06.05.2021)	145000.00	-	145000.00
05.07.2021	Акт №1993 от 04.05.2021 (Счет-фактура №1993 от 04.05.2021)	75000.00	-	75000.00
05.07.2021	Акт №1995 от 04.05.2021 (Счет-фактура №1995 от 04.05.2021)	39000.00	-	39000.00
05.07.2021	Акт №1996 от 21.04.2021 (Счет-фактура №1996 от 21.04.2021)	39000.00	-	39000.00
05.07.2021	Акт №2002 от 12.05.2021 (Счет-фактура №2002 от 12.05.2021)	75492.60	-	75492.60
05.07.2021	Акт №2004 от 21.05.2021 (Счет-фактура №2004 от 21.05.2021)	39000.00	-	39000.00
05.07.2021	Акт №2006 от 20.05.2021 (Счет-фактура №2006 от 20.05.2021)	39000.00	-	39000.00
05.07.2021	Акт №2007 от 20.05.2021 (Счет-фактура №2007 от 20.05.2021)	39000.00	-	39000.00
05.07.2021	Акт №2008 от 14.05.2021 (Счет-фактура №2008 от 14.05.2021)	150000.00	-	150000.00
05.07.2021	Акт №2030 от 18.05.2021 (Счет-фактура №2030 от 18.05.2021)	39000.00	-	39000.00
05.07.2021	Акт №2054 от 20.05.2021 (Счет-фактура №2054 от 20.05.2021)	37000.00	-	37000.00
05.07.2021	Акт №2058 от 01.05.2021 (Счет-фактура №2058 от 01.05.2021)	50000.00	-	50000.00
05.07.2021	Акт №2067 от 18.05.2021 (Счет-фактура №2067 от 18.05.2021)	78000.00	-	78000.00
05.07.2021	Акт №2070 от 21.05.2021 (Счет-фактура №2070 от 21.05.2021)	50000.00	-	50000.00
05.07.2021	Акт №2080 от 19.05.2021 (Счет-фактура №2080 от 19.05.2021)	39000.00	-	39000.00
05.07.2021	Акт №2081 от 27.05.2021 (Счет-фактура №2081 от 27.05.2021)	39000.00	-	39000.00
05.07.2021	Акт №2082 от 20.05.2021 (Счет-фактура №2082 от 20.05.2021)	39000.00	-	39000.00
05.07.2021	Акт №2085 от 24.05.2021 (Счет-фактура №2085 от 24.05.2021)	39000.00	-	39000.00
05.07.2021	Акт №2088 от 24.05.2021 (Счет-фактура №2088 от 24.05.2021)	39000.00	-	39000.00
05.07.2021	Акт №2089 от 24.05.2021 (Счет-фактура №2089 от 24.05.2021)	39000.00	-	39000.00
05.07.2021	Акт №2091 от 03.06.2021 (Счет-фактура №2091 от 03.06.2021)	39000.00	-	39000.00
05.07.2021	Акт №2092 от 03.06.2021 (Счет-фактура №2092 от 03.06.2021)	39000.00	-	39000.00
05.07.2021	Акт №2093 от 04.06.2021 (Счет-фактура №2093 от 04.06.2021)	39000.00	-	39000.00
05.07.2021	Акт №2095 от 04.06.2021 (Счет-фактура №2095 от 04.06.2021)	75000.00	-	75000.00
05.07.2021	Акт №2150 от 10.06.2021 (Счет-фактура №2150 от 10.06.2021)	145000.00	-	145000.00
05.07.2021	Акт №2151 от 07.06.2021 (Счет-фактура №2151 от 07.06.2021)	75000.00	-	75000.00
05.07.2021	Акт №2152 от 11.06.2021 (Счет-фактура №2152 от 11.06.2021)	15000.00	-	15000.00
05.07.2021	Акт №2153 от 03.06.2021 (Счет-фактура №2153 от 03.06.2021)	39000.00	-	39000.00
05.07.2021	Акт №2154 от 27.05.2021 (Счет-фактура №2154 от 27.05.2021)	75000.00	-	75000.00
05.07.2021	Акт №2157 от 27.05.2021 (Счет-фактура №2157 от 27.05.2021)	145000.00	-	145000.00
05.07.2021	Акт №2160 от 26.05.2021 (Счет-фактура №2160 от 26.05.2021)	145000.00	-	145000.00
05.07.2021	Акт №2161 от 21.05.2021 (Счет-фактура №2161 от 21.05.2021)	50000.00	-	50000.00
05.07.2021	Акт №2164 от 25.05.2021 (Счет-фактура №2164 от 25.05.2021)	39000.00	-	39000.00
05.07.2021	Акт №2165 от 04.06.2021 (Счет-фактура №2165 от 04.06.2021)	39000.00	-	39000.00
05.07.2021	Акт №2480 от 05.07.2021 (Счет-фактура №2480 от 05.07.2021)	8000.00	-	8000.00
05.07.2021	Акт №694 от 01.03.2021 (Счет-фактура №694 от 01.03.2021)	75000.00	-	75000.00
05.07.2021	Акт №697 от 01.03.2021 (Счет-фактура №697 от 01.03.2021)	145000.00	-	145000.00
05.07.2021	Акт №698 от 01.03.2021 (Счет-фактура №698 от 01.03.2021)	75000.00	-	75000.00
05.07.2021	Акт №821 от 22.02.2021 (Счет-фактура №821 от 22.02.2021)	20000.00	-	20000.00
05.07.2021	Акт №831 от 03.03.2021 (Счет-фактура №831 от 03.03.2021)	20000.00	-	20000.00
05.07.2021	Акт №842 от 03.03.2021 (Счет-фактура №842 от 03.03.2021)	35000.00	-	35000.00
05.07.2021	Акт №888 от 11.03.2021 (Счет-фактура №888 от 11.03.2021)	35000.00	-	35000.00
05.07.2021	Акт №889 от 05.03.2021 (Счет-фактура №889 от 05.03.2021)	85000.00	-	85000.00
05.07.2021	Акт №900 от 04.03.2021 (Счет-фактура №900 от 04.03.2021)	35000.00	-	35000.00
05.07.2021	Акт №902 от 03.03.2021 (Счет-фактура №902 от 03.03.2021)	20000.00	-	20000.00
05.07.2021	Акт №903 от 03.03.2021 (Счет-фактура №903 от 04.03.2021)	37000.00	-	37000.00
05.07.2021	Акт №912 от 03.03.2021 (Счет-фактура №912 от 03.03.2021)	85000.00	-	85000.00
05.07.2021	Акт №915 от 03.03.2021 (Счет-фактура №915 от 03.03.2021)	20000.00	-	20000.00
05.07.2021	Акт №917 от 15.03.2021 (Счет-фактура №917 от 15.03.2021)	75000.00	-	75000.00
05.07.2021	Акт №919 от 08.03.2021 (Счет-фактура №919 от 08.03.2021)	145000.00	-	145000.00
05.07.2021	Акт №921 от 11.03.2021 (Счет-фактура №921 от 11.03.2021)	37000.00	-	37000.00
05.07.2021	Акт №946 от 12.03.2021 (Счет-фактура №946 от 12.03.2021)	78000.00	-	78000.00
05.07.2021	Акт №995 от 11.03.2021 (Счет-фактура №995 от 11.03.2021)	35000.00	-	35000.00
05.07.2021	Акт №999 от 09.03.2021 (Счет-фактура №999 от 09.03.2021)	80000.00	-	80000.00
08.07.2021	Акт №2479 от 08.07.2021 (Счет-фактура №2479 от 08.07.2021)	8000.00	-	8000.00
08.07.2021	Платежное поручение №4501 от 08.07.2021	663127.20	663127.20	-
08.07.2021	Платежное поручение №4512 от 08.07.2021	485000.00	485000.00	-
12.07.2021	Акт №2482 от 12.07.2021 (Счет-фактура №2482 от 12.07.2021)	8000.00	-	8000.00
14.07.2021	Платежное поручение №4674 от 14.07.2021	711000.00	711000.00	-
16.07.2021	Акт №2468 от 16.07.2021 (Счет-фактура №2468 от 16.07.2021)	8000.00	-	8000.00
19.07.2021	Акт №2470 от 19.07.2021 (Счет-фактура №2470 от 19.07.2021)	8000.00	-	8000.00
02.08.2021	Акт №1000 от 15.03.2021 (Счет-фактура №1000 от 15.03.2021)	37000.00	-	37000.00
02.08.2021	Акт №1001 от 16.03.2021 (Счет-фактура №1001 от 16.03.2021)	37000.00	-	37000.00
02.08.2021	Акт №1002 от 16.03.2021 (Счет-фактура №1002 от 16.03.2021)	37000.00	-	37000.00
02.08.2021	Акт №1003 от 16.03.2021 (Счет-фактура №1003 от 16.03.2021)	37000.00	-	37000.00
02.08.2021	Акт №1006 от 20.03.2021 (Счет-фактура №1006 от 20.03.2021)	37000.00	-	37000.00
02.08.2021	Акт №1019 от 17.03.2021 (Счет-фактура №1019 от 17.03.2021)	37000.00	-	37000.00
02.08.2021	Акт №1020 от 17.03.2021 (Счет-фактура №1020 от 17.03.2021)	37000.00	-	37000.00
02.08.2021	Акт №1021 от 20.03.2021 (Счет-фактура №1021 от 20.03.2021)	37000.00	-	37000.00
02.08.2021	Акт №1022 от 18.03.2021 (Счет-фактура №1022 от 18.03.2021)	39000.00	-	39000.00
02.08.2021	Акт №1024 от 18.03.2021 (Счет-фактура №1024 от 18.03.2021)	39000.00	-	39000.00
02.08.2021	Акт №1025 от 19.03.2021 (Счет-фактура №1025 от 19.03.2021)	37000.00	-	37000.00
02.08.2021	Акт №1026 от 17.03.2021 (Счет-фактура №1026 от 17.03.2021)	39000.00	-	39000.00
02.08.2021	Акт №1027 от 21.03.2021 (Счет-фактура №1027 от 21.03.2021)	39000.00	-	39000.00
02.08.2021	Акт №1028 от 21.03.2021 (Счет-фактура №1028 от 21.03.2021)	39000.00	-	39000.00
02.08.2021	Акт №1029 от 21.03.2021 (Счет-фактура №1029 от 21.03.2021)	39000.00	-	39000.00
02.08.2021	Акт №1030 от 21.03.2021 (Счет-фактура №1030 от 21.03.2021)	39000.00	-	39000.00
02.08.2021	Акт №1031 от 20.03.2021 (Счет-фактура №1031 от 20.03.2021)	37000.00	-	37000.00
02.08.2021	Акт №1033 от 22.03.2021 (Счет-фактура №1033 от 22.03.2021)	39000.00	-	39000.00
02.08.2021	Акт №1035 от 24.03.2021 (Счет-фактура №1035 от 24.03.2021)	37000.00	-	37000.00
02.08.2021	Акт №1056 от 02.02.2021 (Счет-фактура №1056 от 02.02.2021)	37000.00	-	37000.00
02.08.2021	Акт №1059 от 16.02.2021 (Счет-фактура №1059 от 16.02.2021)	37000.00	-	37000.00
02.08.2021	Акт №1061 от 01.03.2021 (Счет-фактура №1061 от 01.03.2021)	80000.00	-	80000.00
02.08.2021	Акт №1063 от 02.03.2021 (Счет-фактура №1063 от 02.03.2021)	80000.00	-	80000.00
02.08.2021	Акт №1065 от 14.03.2021 (Счет-фактура №1065 от 14.03.2021)	80000.00	-	80000.00
02.08.2021	Акт №1067 от 11.03.2021 (Счет-фактура №1067 от 11.03.2021)	37000.00	-	37000.00
02.08.2021	Акт №1069 от 15.03.2021 (Счет-фактура №1069 от 15.03.2021)	35000.00	-	35000.00
02.08.2021	Акт №1071 от 13.03.2021 (Счет-фактура №1071 от 13.03.2021)	37000.00	-	37000.00
02.08.2021	Акт №1075 от 20.03.0202 (Счет-фактура №1075 от 20.03.2021)	39000.00	-	39000.00
02.08.2021	Акт №1076 от 17.03.2021 (Счет-фактура №1076 от 17.03.2021)	39000.00	-	39000.00
02.08.2021	Акт №1081 от 26.03.2021 (Счет-фактура №1081 от 26.03.2021)	39000.00	-	39000.00
02.08.2021	Акт №1084 от 19.03.2021 (Счет-фактура №1084 от 19.03.2021)	37000.00	-	37000.00
02.08.2021	Акт №1086 от 19.03.2021 (Счет-фактура №1086 от 19.03.2021)	37000.00	-	37000.00
02.08.2021	Акт №1087 от 16.03.2021 (Счет-фактура №1087 от 16.03.2021)	37000.00	-	37000.00
02.08.2021	Акт №1089 от 20.03.2021 (Счет-фактура №1089 от 20.03.2021)	37000.00	-	37000.00
02.08.2021	Акт №1090 от 20.03.2021 (Счет-фактура №1090 от 20.03.2021)	39000.00	-	39000.00
02.08.2021	Акт №1091 от 18.03.2021 (Счет-фактура №1091 от 18.03.2021)	37000.00	-	37000.00
02.08.2021	Акт №1118 от 25.03.2021 (Счет-фактура №1118 от 25.03.2021)	39000.00	-	39000.00
02.08.2021	Акт №1173 от 26.03.2021 (Счет-фактура №1173 от 26.03.2021)	37000.00	-	37000.00
02.08.2021	Акт №1174 от 17.03.2021 (Счет-фактура №1174 от 17.03.2021)	37000.00	-	37000.00
02.08.2021	Акт №1175 от 25.03.2021 (Счет-фактура №1175 от 25.03.2021)	37000.00	-	37000.00
02.08.2021	Акт №1176 от 28.03.2021 (Счет-фактура №1176 от 28.03.2021)	37000.00	-	37000.00
02.08.2021	Акт №1177 от 28.03.2021 (Счет-фактура №1177 от 28.03.2021)	37000.00	-	37000.00
02.08.2021	Акт №1179 от 27.03.2021 (Счет-фактура №1179 от 27.03.2021)	39000.00	-	39000.00
02.08.2021	Акт №1180 от 27.03.2021 (Счет-фактура №1180 от 27.03.2021)	39000.00	-	39000.00
02.08.2021	Акт №1181 от 23.03.2021 (Счет-фактура №1181 от 23.03.2021)	39000.00	-	39000.00
02.08.2021	Акт №1182 от 23.03.2021 (Счет-фактура №1182 от 23.03.2021)	39000.00	-	39000.00
02.08.2021	Акт №1185 от 22.03.2021 (Счет-фактура №1185 от 22.03.2021)	39000.00	-	39000.00
02.08.2021	Акт №1186 от 21.03.2021 (Счет-фактура №1186 от 21.03.2021)	39000.00	-	39000.00
02.08.2021	Акт №1187 от 23.03.2021 (Счет-фактура №1187 от 23.03.2021)	39000.00	-	39000.00
02.08.2021	Акт №1188 от 08.03.2021 (Счет-фактура №1188 от 08.03.2021)	35000.00	-	35000.00
02.08.2021	Акт №1189 от 20.03.2021 (Счет-фактура №1189 от 20.03.2021)	37000.00	-	37000.00
02.08.2021	Акт №1190 от 27.03.2021 (Счет-фактура №1190 от 27.03.2021)	37000.00	-	37000.00
02.08.2021	Акт №1191 от 19.03.2021 (Счет-фактура №1191 от 19.03.2021)	39000.00	-	39000.00
02.08.2021	Акт №1192 от 28.03.2021 (Счет-фактура №1192 от 28.03.2021)	37000.00	-	37000.00
02.08.2021	Акт №1193 от 18.03.2021 (Счет-фактура №1193 от 18.03.2021)	37000.00	-	37000.00
02.08.2021	Акт №1194 от 23.03.2021 (Счет-фактура №1194 от 23.03.2021)	37000.00	-	37000.00
02.08.2021	Акт №1195 от 28.03.2021 (Счет-фактура №1195 от 28.03.2021)	37000.00	-	37000.00
02.08.2021	Акт №1196 от 06.03.2021 (Счет-фактура №1196 от 06.03.2021)	35000.00	-	35000.00
02.08.2021	Акт №1197 от 24.03.2021 (Счет-фактура №1197 от 24.03.2021)	39000.00	-	39000.00
02.08.2021	Акт №1198 от 24.03.2021 (Счет-фактура №1198 от 24.03.2021)	39000.00	-	39000.00
02.08.2021	Акт №1199 от 12.03.2021 (Счет-фактура №1199 от 12.03.2021)	35000.00	-	35000.00
02.08.2021	Акт №1200 от 20.03.2021 (Счет-фактура №1200 от 20.03.2021)	37000.00	-	37000.00
02.08.2021	Акт №1201 от 15.03.2021 (Счет-фактура №1201 от 15.03.2021)	35000.00	-	35000.00
02.08.2021	Акт №1202 от 22.03.2021 (Счет-фактура №1202 от 22.03.2021)	37000.00	-	37000.00
02.08.2021	Акт №1203 от 17.03.2021 (Счет-фактура №1203 от 17.03.2021)	37000.00	-	37000.00
02.08.2021	Акт №1204 от 15.03.2021 (Счет-фактура №1204 от 15.03.2021)	35000.00	-	35000.00
02.08.2021	Акт №1205 от 11.03.2021 (Счет-фактура №1205 от 11.03.2021)	37000.00	-	37000.00
02.08.2021	Акт №1207 от 18.03.2021 (Счет-фактура №1207 от 18.03.2021)	37000.00	-	37000.00
02.08.2021	Акт №1208 от 22.03.2021 (Счет-фактура №1208 от 22.03.2021)	39000.00	-	39000.00
02.08.2021	Акт №1209 от 20.03.2021 (Счет-фактура №1209 от 20.03.2021)	37000.00	-	37000.00
02.08.2021	Акт №1210 от 18.03.2021 (Счет-фактура №1210 от 18.03.2021)	37000.00	-	37000.00
02.08.2021	Акт №1212 от 18.03.2021 (Счет-фактура №1212 от 18.03.2021)	37000.00	-	37000.00
02.08.2021	Акт №1213 от 19.03.2021 (Счет-фактура №1213 от 19.03.2021)	39000.00	-	39000.00
02.08.2021	Акт №1214 от 21.03.2021 (Счет-фактура №1214 от 21.03.2021)	39000.00	-	39000.00
02.08.2021	Акт №1220 от 03.04.2021 (Счет-фактура №1220 от 03.04.2021)	37000.00	-	37000.00
02.08.2021	Акт №1226 от 04.04.2021 (Счет-фактура №1226 от 04.04.2021)	37000.00	-	37000.00
02.08.2021	Акт №1276 от 26.03.2021 (Счет-фактура №1276 от 26.03.2021)	37000.00	-	37000.00
02.08.2021	Акт №1278 от 25.03.2021 (Счет-фактура №1278 от 25.03.2021)	39000.00	-	39000.00
02.08.2021	Акт №1279 от 28.03.2021 (Счет-фактура №1279 от 28.03.2021)	37000.00	-	37000.00
02.08.2021	Акт №1281 от 28.03.2021 (Счет-фактура №1281 от 28.03.2021)	37000.00	-	37000.00
02.08.2021	Акт №1282 от 20.03.2021 (Счет-фактура №1282 от 20.03.2021)	37000.00	-	37000.00
02.08.2021	Акт №1284 от 28.03.2021 (Счет-фактура №1284 от 28.03.2021)	37000.00	-	37000.00
02.08.2021	Акт №1285 от 26.03.2021 (Счет-фактура №1285 от 26.03.2021)	39000.00	-	39000.00
02.08.2021	Акт №1286 от 29.03.2021 (Счет-фактура №1286 от 29.03.2021)	37000.00	-	37000.00
02.08.2021	Акт №1287 от 29.03.2021 (Счет-фактура №1287 от 29.03.2021)	37000.00	-	37000.00
02.08.2021	Акт №1289 от 21.03.2021 (Счет-фактура №1289 от 21.03.2021)	37000.00	-	37000.00
02.08.2021	Акт №1290 от 22.03.2021 (Счет-фактура №1290 от 22.03.2021)	39000.00	-	39000.00
02.08.2021	Акт №1291 от 22.03.2021 (Счет-фактура №1291 от 22.03.2021)	39000.00	-	39000.00
02.08.2021	Акт №1292 от 25.03.2021 (Счет-фактура №1292 от 25.03.2021)	37000.00	-	37000.00
02.08.2021	Акт №1295 от 26.03.2021 (Счет-фактура №1295 от 26.03.2021)	39000.00	-	39000.00
02.08.2021	Акт №1296 от 27.03.2021 (Счет-фактура №1296 от 27.03.2021)	37000.00	-	37000.00
02.08.2021	Акт №1297 от 26.03.2021 (Счет-фактура №1297 от 26.03.2021)	37000.00	-	37000.00
02.08.2021	Акт №1299 от 23.03.2021 (Счет-фактура №1299 от 23.03.2021)	37000.00	-	37000.00
02.08.2021	Акт №1300 от 26.03.2021 (Счет-фактура №1300 от 26.03.2021)	37000.00	-	37000.00
02.08.2021	Акт №1301 от 23.03.2021 (Счет-фактура №1301 от 23.03.2021)	37000.00	-	37000.00
02.08.2021	Акт №1302 от 23.03.2021 (Счет-фактура №1302 от 23.03.2021)	37000.00	-	37000.00
02.08.2021	Акт №1303 от 25.03.2021 (Счет-фактура №1303 от 25.03.2021)	37000.00	-	37000.00
02.08.2021	Акт №1304 от 26.03.2021 (Счет-фактура №1304 от 26.03.2021)	37000.00	-	37000.00
02.08.2021	Акт №1305 от 27.03.2021 (Счет-фактура №1305 от 27.03.2021)	37000.00	-	37000.00
02.08.2021	Акт №1306 от 28.03.2021 (Счет-фактура №1306 от 28.03.2021)	37000.00	-	37000.00
02.08.2021	Акт №1307 от 28.03.2021 (Счет-фактура №1307 от 28.03.2021)	37000.00	-	37000.00
02.08.2021	Акт №1309 от 14.03.2021 (Счет-фактура №1309 от 14.03.2021)	35000.00	-	35000.00
02.08.2021	Акт №1310 от 26.03.2021 (Счет-фактура №1310 от 26.03.2021)	37000.00	-	37000.00
02.08.2021	Акт №1320 от 01.04.2021 (Счет-фактура №1320 от 01.04.2021)	80000.00	-	80000.00
02.08.2021	Акт №1321 от 05.04.2021 (Счет-фактура №1321 от 05.04.2021)	80000.00	-	80000.00
02.08.2021	Акт №1322 от 01.04.2021 (Счет-фактура №1322 от 01.04.2021)	80000.00	-	80000.00
02.08.2021	Акт №1323 от 01.04.2021 (Счет-фактура №1323 от 01.04.2021)	37000.00	-	37000.00
02.08.2021	Акт №1325 от 04.04.2021 (Счет-фактура №1325 от 04.04.2021)	37000.00	-	37000.00
02.08.2021	Акт №1326 от 04.04.2021 (Счет-фактура №1326 от 04.04.2021)	37000.00	-	37000.00
02.08.2021	Акт №1327 от 04.04.2021 (Счет-фактура №1327 от 04.04.2021)	37000.00	-	37000.00
02.08.2021	Акт №1334 от 02.04.2021 (Счет-фактура №1334 от 02.04.2021)	37000.00	-	37000.00
02.08.2021	Акт №1335 от 02.04.2021 (Счет-фактура №1335 от 02.04.2021)	37000.00	-	37000.00
02.08.2021	Акт №1336 от 02.04.2021 (Счет-фактура №1336 от 02.04.2021)	37000.00	-	37000.00
02.08.2021	Акт №1339 от 02.04.2021 (Счет-фактура №1339 от 02.04.2021)	37000.00	-	37000.00
02.08.2021	Акт №1347 от 13.04.2021 (Счет-фактура №1347 от 13.04.2021)	37000.00	-	37000.00
02.08.2021	Акт №1351 от 06.04.2021 (Счет-фактура №1351 от 06.04.2021)	80000.00	-	80000.00
02.08.2021	Акт №1354 от 13.04.2021 (Счет-фактура №1354 от 13.04.2021)	37000.00	-	37000.00
02.08.2021	Акт №1374 от 17.04.2021 (Счет-фактура №1374 от 17.04.2021)	37000.00	-	37000.00
02.08.2021	Акт №1386 от 16.04.2021 (Счет-фактура №1386 от 15.04.2021)	37000.00	-	37000.00
02.08.2021	Акт №1387 от 14.04.2021 (Счет-фактура №1387 от 14.04.2021)	37000.00	-	37000.00
02.08.2021	Акт №1403 от 17.04.2021 (Счет-фактура №1403 от 17.04.2021)	37000.00	-	37000.00
02.08.2021	Акт №1405 от 16.04.2021 (Счет-фактура №1405 от 16.04.2021)	37000.00	-	37000.00
02.08.2021	Акт №1408 от 09.04.2021 (Счет-фактура №1408 от 09.04.2021)	37000.00	-	37000.00
02.08.2021	Акт №1409 от 09.04.2021 (Счет-фактура №1409 от 09.04.2021)	37000.00	-	37000.00
02.08.2021	Акт №1410 от 09.04.2021 (Счет-фактура №1410 от 09.04.2021)	37000.00	-	37000.00
02.08.2021	Акт №1411 от 14.04.2021 (Счет-фактура №1411 от 14.04.2021)	37000.00	-	37000.00
02.08.2021	Акт №1412 от 05.04.2021 (Счет-фактура №1412 от 05.04.2021)	37000.00	-	37000.00
02.08.2021	Акт №1414 от 14.04.2021 (Счет-фактура №1414 от 14.04.2021)	37000.00	-	37000.00
02.08.2021	Акт №1420 от 29.03.2021 (Счет-фактура №1420 от 29.03.2021)	37000.00	-	37000.00
02.08.2021	Акт №1425 от 04.04.2021 (Счет-фактура №1425 от 04.04.2021)	37000.00	-	37000.00
02.08.2021	Акт №1426 от 05.04.2021 (Счет-фактура №1426 от 05.04.2021)	37000.00	-	37000.00
02.08.2021	Акт №1427 от 05.04.2021 (Счет-фактура №1427 от 05.04.2021)	37000.00	-	37000.00
02.08.2021	Акт №1428 от 06.04.2021 (Счет-фактура №1428 от 06.04.2021)	37000.00	-	37000.00
02.08.2021	Акт №1434 от 08.04.2021 (Счет-фактура №1434 от 08.04.2021)	37000.00	-	37000.00
02.08.2021	Акт №1436 от 08.04.2021 (Счет-фактура №1436 от 08.04.2021)	37000.00	-	37000.00
02.08.2021	Акт №1437 от 10.04.2021 (Счет-фактура №1437 от 10.04.2021)	37000.00	-	37000.00
02.08.2021	Акт №1438 от 10.04.2021 (Счет-фактура №1438 от 10.04.2021)	37000.00	-	37000.00
02.08.2021	Акт №1439 от 10.04.2021 (Счет-фактура №1439 от 10.04.2021)	37000.00	-	37000.00
02.08.2021	Акт №1440 от 11.04.2021 (Счет-фактура №1440 от 11.04.2021)	37000.00	-	37000.00
02.08.2021	Акт №1442 от 11.04.2021 (Счет-фактура №1442 от 11.04.2021)	37000.00	-	37000.00
02.08.2021	Акт №1478 от 26.04.2021 (Счет-фактура №1476 от 26.04.2021)	37000.00	-	37000.00
02.08.2021	Акт №1483 от 03.04.2021 (Счет-фактура №1483 от 03.04.2021)	37000.00	-	37000.00
02.08.2021	Акт №1484 от 05.04.2021 (Счет-фактура №1484 от 05.04.2021)	37000.00	-	37000.00
02.08.2021	Акт №1485 от 08.04.2021 (Счет-фактура №1485 от 08.04.2021)	37000.00	-	37000.00
02.08.2021	Акт №1486 от 25.04.2021 (Счет-фактура №1486 от 25.04.2021)	37000.00	-	37000.00
02.08.2021	Акт №1487 от 08.04.2021 (Счет-фактура №1487 от 08.04.2021)	37000.00	-	37000.00
02.08.2021	Акт №1488 от 08.04.2021 (Счет-фактура №1488 от 08.04.2021)	37000.00	-	37000.00
02.08.2021	Акт №1489 от 09.04.2021 (Счет-фактура №1489 от 09.04.2021)	37000.00	-	37000.00
02.08.2021	Акт №1490 от 09.04.2021 (Счет-фактура №1490 от 09.04.2021)	37000.00	-	37000.00
02.08.2021	Акт №1495 от 16.03.2021 (Счет-фактура №1495 от 16.03.2021)	37000.00	-	37000.00
02.08.2021	Акт №1497 от 03.04.2021 (Счет-фактура №1497 от 03.04.2021)	37000.00	-	37000.00
02.08.2021	Акт №1498 от 04.04.2021 (Счет-фактура №1498 от 04.04.2021)	37000.00	-	37000.00
02.08.2021	Акт №1499 от 07.04.2021 (Счет-фактура №1499 от 07.04.2021)	37000.00	-	37000.00
02.08.2021	Акт №1501 от 12.04.2021 (Счет-фактура №1501 от 12.04.2021)	37000.00	-	37000.00
02.08.2021	Акт №1502 от 15.04.2021 (Счет-фактура №1502 от 15.04.2021)	37000.00	-	37000.00
02.08.2021	Акт №1503 от 04.04.2021 (Счет-фактура №1503 от 04.04.2021)	37000.00	-	37000.00
02.08.2021	Акт №1504 от 14.04.2021 (Счет-фактура №1504 от 14.04.2021)	37000.00	-	37000.00
02.08.2021	Акт №1505 от 15.04.2021 (Счет-фактура №1505 от 15.04.2021)	37000.00	-	37000.00
02.08.2021	Акт №1506 от 16.04.2021 (Счет-фактура №1506 от 16.04.2021)	37000.00	-	37000.00
02.08.2021	Акт №1511 от 25.04.2021 (Счет-фактура №1511 от 25.04.2021)	37000.00	-	37000.00
02.08.2021	Акт №1529 от 15.04.2021 (Счет-фактура №1529 от 15.04.2021)	37000.00	-	37000.00
02.08.2021	Акт №1530 от 14.04.2021 (Счет-фактура №1530 от 14.04.2021)	37000.00	-	37000.00
02.08.2021	Акт №1531 от 23.04.2021 (Счет-фактура №1531 от 23.04.2021)	39000.00	-	39000.00
02.08.2021	Акт №1532 от 12.04.2021 (Счет-фактура №1532 от 12.04.2021)	37000.00	-	37000.00
02.08.2021	Акт №1533 от 08.04.2021 (Счет-фактура №1533 от 06.04.2021)	37000.00	-	37000.00
02.08.2021	Акт №1534 от 14.04.2021 (Счет-фактура №1534 от 14.04.2021)	37000.00	-	37000.00
02.08.2021	Акт №1535 от 15.04.2021 (Счет-фактура №1535 от 15.04.2021)	37000.00	-	37000.00
02.08.2021	Акт №1536 от 15.04.2021 (Счет-фактура №1536 от 15.04.2021)	37000.00	-	37000.00
02.08.2021	Акт №1538 от 13.04.2021 (Счет-фактура №1538 от 13.04.2021)	37000.00	-	37000.00
02.08.2021	Акт №1539 от 12.04.2021 (Счет-фактура №1539 от 12.04.2021)	37000.00	-	37000.00
02.08.2021	Акт №1541 от 11.04.2021 (Счет-фактура №1541 от 11.04.2021)	37000.00	-	37000.00
02.08.2021	Акт №1543 от 11.04.2021 (Счет-фактура №1543 от 11.04.2021)	37000.00	-	37000.00
02.08.2021	Акт №1545 от 21.04.2021 (Счет-фактура №1545 от 21.04.2021)	80000.00	-	80000.00
02.08.2021	Акт №1546 от 08.04.2021 (Счет-фактура №1546 от 08.04.2021)	37000.00	-	37000.00
02.08.2021	Акт №1547 от 06.04.2021 (Счет-фактура №1547 от 06.04.2021)	37000.00	-	37000.00
02.08.2021	Акт №1548 от 04.04.2021 (Счет-фактура №1548 от 04.04.2021)	37000.00	-	37000.00
02.08.2021	Акт №1549 от 03.04.2021 (Счет-фактура №1549 от 03.04.2021)	37000.00	-	37000.00
02.08.2021	Акт №1550 от 06.04.2021 (Счет-фактура №1550 от 06.04.2021)	37000.00	-	37000.00
02.08.2021	Акт №1551 от 11.04.2021 (Счет-фактура №1551 от 11.04.2021)	37000.00	-	37000.00
02.08.2021	Акт №1552 от 07.04.2021 (Счет-фактура №1552 от 07.04.2021)	37000.00	-	37000.00
02.08.2021	Акт №1554 от 10.04.2021 (Счет-фактура №1554 от 10.04.2021)	37000.00	-	37000.00
02.08.2021	Акт №1555 от 14.04.2021 (Счет-фактура №1555 от 14.04.2021)	37000.00	-	37000.00
02.08.2021	Акт №1556 от 13.04.2021 (Счет-фактура №1556 от 13.04.2021)	37000.00	-	37000.00
02.08.2021	Акт №1558 от 12.04.2021 (Счет-фактура №1558 от 12.04.2021)	80000.00	-	80000.00
02.08.2021	Акт №1559 от 12.04.2021 (Счет-фактура №1559 от 12.04.2021)	80000.00	-	80000.00
02.08.2021	Акт №1576 от 10.04.2021 (Счет-фактура №1576 от 10.04.2021)	37000.00	-	37000.00
02.08.2021	Акт №1577 от 09.04.2021 (Счет-фактура №1577 от 09.04.2021)	37000.00	-	37000.00
02.08.2021	Акт №1578 от 03.04.2021 (Счет-фактура №1578 от 03.04.2021)	37000.00	-	37000.00
02.08.2021	Акт №1579 от 10.04.2021 (Счет-фактура №1579 от 10.04.2021)	37000.00	-	37000.00
02.08.2021	Акт №1580 от 05.04.2021 (Счет-фактура №1580 от 05.04.2021)	80000.00	-	80000.00
02.08.2021	Акт №1581 от 26.03.2021 (Счет-фактура №1581 от 26.03.2021)	37000.00	-	37000.00
02.08.2021	Акт №1583 от 27.03.2021 (Счет-фактура №1583 от 27.03.2021)	37000.00	-	37000.00
02.08.2021	Акт №1600 от 25.04.2021 (Счет-фактура №1600 от 25.04.2021)	37000.00	-	37000.00
02.08.2021	Акт №1663 от 23.04.2021 (Счет-фактура №1663 от 23.04.2021)	37000.00	-	37000.00
02.08.2021	Акт №1664 от 25.04.2021 (Счет-фактура №1664 от 25.04.2021)	37000.00	-	37000.00
02.08.2021	Акт №1665 от 23.04.2021 (Счет-фактура №1665 от 23.04.2021)	37000.00	-	37000.00
02.08.2021	Акт №1666 от 24.04.2021 (Счет-фактура №1666 от 24.04.2021)	37000.00	-	37000.00
02.08.2021	Акт №1667 от 27.04.2021 (Счет-фактура №1667 от 27.04.2021)	37000.00	-	37000.00
02.08.2021	Акт №1668 от 23.04.2021 (Счет-фактура №1668 от 23.04.2021)	37000.00	-	37000.00
02.08.2021	Акт №1669 от 23.04.2021 (Счет-фактура №1669 от 23.04.2021)	37000.00	-	37000.00
02.08.2021	Акт №1678 от 06.05.2021 (Счет-фактура №1678 от 06.05.2021)	39000.00	-	39000.00
02.08.2021	Акт №1680 от 07.05.2021 (Счет-фактура №1680 от 07.05.2021)	37000.00	-	37000.00
02.08.2021	Акт №1682 от 04.05.2021 (Счет-фактура №1682 от 04.05.2021)	39000.00	-	39000.00
02.08.2021	Акт №1684 от 08.05.2021 (Счет-фактура №1684 от 08.05.2021)	37000.00	-	37000.00
02.08.2021	Акт №1685 от 08.05.2021 (Счет-фактура №1685 от 08.05.2021)	37000.00	-	37000.00
02.08.2021	Акт №1688 от 25.04.2021 (Счет-фактура №1688 от 25.04.2021)	37000.00	-	37000.00
02.08.2021	Акт №1690 от 24.04.2021 (Счет-фактура №1690 от 24.04.2021)	37000.00	-	37000.00
02.08.2021	Акт №1692 от 02.05.2021 (Счет-фактура №1692 от 02.05.2021)	37000.00	-	37000.00
02.08.2021	Акт №1693 от 01.05.2021 (Счет-фактура №1693 от 01.05.2021)	37000.00	-	37000.00
02.08.2021	Акт №1694 от 29.04.2021 (Счет-фактура №1694 от 29.04.2021)	39000.00	-	39000.00
02.08.2021	Акт №1696 от 27.04.2021 (Счет-фактура №1696 от 27.04.2021)	39000.00	-	39000.00
02.08.2021	Акт №1697 от 27.04.2021 (Счет-фактура №1697 от 27.04.2021)	37000.00	-	37000.00
02.08.2021	Акт №1698 от 27.04.2021 (Счет-фактура №1698 от 27.04.2021)	39000.00	-	39000.00
02.08.2021	Акт №1699 от 25.04.2021 (Счет-фактура №1699 от 25.04.2021)	39000.00	-	39000.00
02.08.2021	Акт №1702 от 07.05.2021 (Счет-фактура №1702 от 07.05.2021)	37000.00	-	37000.00
02.08.2021	Акт №1705 от 08.05.2021 (Счет-фактура №1705 от 08.05.2021)	37000.00	-	37000.00
02.08.2021	Акт №171 от 19.01.2021 (Счет-фактура №171 от 19.01.2021)	37000.00	-	37000.00
02.08.2021	Акт №1786 от 16.05.2021 (Счет-фактура №1786 от 16.05.2021)	37000.00	-	37000.00
02.08.2021	Акт №1797 от 16.05.2021 (Счет-фактура №1797 от 16.05.2021)	37000.00	-	37000.00
02.08.2021	Акт №1807 от 16.05.2021 (Счет-фактура №1807 от 16.05.2021)	39000.00	-	39000.00
02.08.2021	Акт №1808 от 02.05.2021 (Счет-фактура №1808 от 02.05.2021)	37000.00	-	37000.00
02.08.2021	Акт №1810 от 08.05.2021 (Счет-фактура №1810 от 08.05.2021)	37000.00	-	37000.00
02.08.2021	Акт №1811 от 06.05.2021 (Счет-фактура №1811 от 06.05.2021)	37000.00	-	37000.00
02.08.2021	Акт №1816 от 08.05.2021 (Счет-фактура №1816 от 08.05.2021)	37000.00	-	37000.00
02.08.2021	Акт №1819 от 02.05.2021 (Счет-фактура №1819 от 02.05.2021)	37000.00	-	37000.00
02.08.2021	Акт №1821 от 02.05.2021 (Счет-фактура №1821 от 02.05.2021)	37000.00	-	37000.00
02.08.2021	Акт №1822 от 02.05.2021 (Счет-фактура №1822 от 02.05.2021)	37000.00	-	37000.00
02.08.2021	Акт №1823 от 08.05.2021 (Счет-фактура №1823 от 08.05.2021)	37000.00	-	37000.00
02.08.2021	Акт №1826 от 01.05.2021 (Счет-фактура №1826 от 01.05.2021)	37000.00	-	37000.00
02.08.2021	Акт №1830 от 16.04.2021 (Счет-фактура №1830 от 16.04.2021)	37000.00	-	37000.00
02.08.2021	Акт №1835 от 01.05.2021 (Счет-фактура №1835 от 01.05.2021)	37000.00	-	37000.00
02.08.2021	Акт №1836 от 23.04.2021 (Счет-фактура №1836 от 23.04.2021)	37000.00	-	37000.00
02.08.2021	Акт №1838 от 28.04.2021 (Счет-фактура №1837 от 28.04.2021)	55000.00	-	55000.00
02.08.2021	Акт №1842 от 07.05.2021 (Счет-фактура №1842 от 07.05.2021)	37000.00	-	37000.00
02.08.2021	Акт №1843 от 07.05.2021 (Счет-фактура №1843 от 07.05.2021)	37000.00	-	37000.00
02.08.2021	Акт №1844 от 04.05.2021 (Счет-фактура №1844 от 04.05.2021)	37000.00	-	37000.00
02.08.2021	Акт №1848 от 07.05.2021 (Счет-фактура №1848 от 07.05.2021)	37000.00	-	37000.00
02.08.2021	Акт №1850 от 02.05.2021 (Счет-фактура №1850 от 02.05.2021)	37000.00	-	37000.00
02.08.2021	Акт №1851 от 06.05.2021 (Счет-фактура №1851 от 06.05.2021)	37000.00	-	37000.00
02.08.2021	Акт №1853 от 07.05.2021 (Счет-фактура №1853 от 07.05.2021)	37000.00	-	37000.00
02.08.2021	Акт №1855 от 01.05.2021 (Счет-фактура №1855 от 01.05.2021)	37000.00	-	37000.00
02.08.2021	Акт №1902 от 04.05.2021 (Счет-фактура №1902 от 04.05.2021)	39000.00	-	39000.00
02.08.2021	Акт №1904 от 19.05.2021 (Счет-фактура №1904 от 19.05.2021)	80000.00	-	80000.00
02.08.2021	Акт №1905 от 16.05.2021 (Счет-фактура №1905 от 16.05.2021)	80000.00	-	80000.00
02.08.2021	Акт №1906 от 02.05.2021 (Счет-фактура №1906 от 02.05.2021)	37000.00	-	37000.00
02.08.2021	Акт №1907 от 12.05.2021 (Счет-фактура №1907 от 12.05.2021)	37000.00	-	37000.00
02.08.2021	Акт №1908 от 06.05.2021 (Счет-фактура №1908 от 06.05.2021)	37000.00	-	37000.00
02.08.2021	Акт №1909 от 11.05.2021 (Счет-фактура №1909 от 11.05.2021)	37000.00	-	37000.00
02.08.2021	Акт №1910 от 08.05.2021 (Счет-фактура №1910 от 08.05.2021)	37000.00	-	37000.00
02.08.2021	Акт №1912 от 13.05.2021 (Счет-фактура №1912 от 13.05.2021)	37000.00	-	37000.00
02.08.2021	Акт №1913 от 12.05.2021 (Счет-фактура №1913 от 12.05.2021)	37000.00	-	37000.00
02.08.2021	Акт №1914 от 15.05.2021 (Счет-фактура №1914 от 15.05.2021)	37000.00	-	37000.00
02.08.2021	Акт №1915 от 15.05.2021 (Счет-фактура №1915 от 15.05.2021)	39000.00	-	39000.00
02.08.2021	Акт №1916 от 15.05.2021 (Счет-фактура №1916 от 15.05.2021)	39000.00	-	39000.00
02.08.2021	Акт №1917 от 15.05.2021 (Счет-фактура №1917 от 15.05.2021)	39000.00	-	39000.00
02.08.2021	Акт №1918 от 14.05.2021 (Счет-фактура №1918 от 14.05.2021)	39000.00	-	39000.00
02.08.2021	Акт №1919 от 15.05.2021 (Счет-фактура №1919 от 15.05.2021)	39000.00	-	39000.00
02.08.2021	Акт №1920 от 10.05.2021 (Счет-фактура №1920 от 10.05.2021)	37000.00	-	37000.00
02.08.2021	Акт №1923 от 13.05.2021 (Счет-фактура №1923 от 13.05.2021)	37000.00	-	37000.00
02.08.2021	Акт №1924 от 10.05.2021 (Счет-фактура №1924 от 10.05.2021)	37000.00	-	37000.00
02.08.2021	Акт №1927 от 15.04.2021 (Счет-фактура №1927 от 15.04.2021)	37000.00	-	37000.00
02.08.2021	Акт №1928 от 23.04.2021 (Счет-фактура №1928 от 23.04.2021)	37000.00	-	37000.00
02.08.2021	Акт №1929 от 16.04.2021 (Счет-фактура №1929 от 16.04.2021)	80000.00	-	80000.00
02.08.2021	Акт №1930 от 17.04.2021 (Счет-фактура №1930 от 17.04.2021)	37000.00	-	37000.00
02.08.2021	Акт №1932 от 25.04.2021 (Счет-фактура №1932 от 25.04.2021)	37000.00	-	37000.00
02.08.2021	Акт №1934 от 24.04.2021 (Счет-фактура №1934 от 24.04.2021)	37000.00	-	37000.00
02.08.2021	Акт №1935 от 14.04.2021 (Счет-фактура №1935 от 14.04.2021)	37000.00	-	37000.00
02.08.2021	Акт №1937 от 04.04.2021 (Счет-фактура №1937 от 04.04.2021)	37000.00	-	37000.00
02.08.2021	Акт №1938 от 30.04.2021 (Счет-фактура №1938 от 30.04.2021)	37000.00	-	37000.00
02.08.2021	Акт №1939 от 23.04.2021 (Счет-фактура №1939 от 23.04.2021)	39000.00	-	39000.00
02.08.2021	Акт №1940 от 27.04.2021 (Счет-фактура №1940 от 27.04.2021)	39000.00	-	39000.00
02.08.2021	Акт №1944 от 21.05.2021 (Счет-фактура №1944 от 21.05.2021)	80000.00	-	80000.00
02.08.2021	Акт №1945 от 24.04.2021 (Счет-фактура №1945 от 24.04.2021)	39000.00	-	39000.00
02.08.2021	Акт №1946 от 11.05.2021 (Счет-фактура №1946 от 11.05.2021)	37000.00	-	37000.00
02.08.2021	Акт №1947 от 11.05.2021 (Счет-фактура №1947 от 11.05.2021)	37000.00	-	37000.00
02.08.2021	Акт №1948 от 13.05.2021 (Счет-фактура №1948 от 13.05.2021)	37000.00	-	37000.00
02.08.2021	Акт №1949 от 14.05.2021 (Счет-фактура №1949 от 14.05.2021)	37000.00	-	37000.00
02.08.2021	Акт №1950 от 08.05.2021 (Счет-фактура №1950 от 08.05.2021)	37000.00	-	37000.00
02.08.2021	Акт №1951 от 04.05.2021 (Счет-фактура №1951 от 07.05.2021)	37000.00	-	37000.00
02.08.2021	Акт №1952 от 25.04.2021 (Счет-фактура №1952 от 25.04.2021)	37000.00	-	37000.00
02.08.2021	Акт №1953 от 16.05.2021 (Счет-фактура №1953 от 16.05.2021)	37000.00	-	37000.00
02.08.2021	Акт №1954 от 15.05.2021 (Счет-фактура №1954 от 15.05.2021)	37000.00	-	37000.00
02.08.2021	Акт №1955 от 15.05.2021 (Счет-фактура №1955 от 15.05.2021)	37000.00	-	37000.00
02.08.2021	Акт №1956 от 15.05.2021 (Счет-фактура №1956 от 15.05.2021)	37000.00	-	37000.00
02.08.2021	Акт №1957 от 15.05.2021 (Счет-фактура №1957 от 15.05.2021)	39000.00	-	39000.00
02.08.2021	Акт №1959 от 13.05.2021 (Счет-фактура №1959 от 13.05.2021)	39000.00	-	39000.00
02.08.2021	Акт №1991 от 06.05.2021 (Счет-фактура №1991 от 06.05.2021)	37000.00	-	37000.00
02.08.2021	Акт №1997 от 23.04.2021 (Счет-фактура №1997 от 23.04.2021)	37000.00	-	37000.00
02.08.2021	Акт №1999 от 23.04.2021 (Счет-фактура №1999 от 23.04.2021)	37000.00	-	37000.00
02.08.2021	Акт №2000 от 25.04.2021 (Счет-фактура №2000 от 25.04.2021)	37000.00	-	37000.00
02.08.2021	Акт №2001 от 02.04.2021 (Счет-фактура №2001 от 02.04.2021)	37000.00	-	37000.00
02.08.2021	Акт №2003 от 24.04.2021 (Счет-фактура №2003 от 24.04.2021)	37000.00	-	37000.00
02.08.2021	Акт №2010 от 15.05.2021 (Счет-фактура №2010 от 15.05.2021)	37000.00	-	37000.00
02.08.2021	Акт №2011 от 12.05.2021 (Счет-фактура №2011 от 12.05.2021)	37000.00	-	37000.00
02.08.2021	Акт №2013 от 08.05.2021 (Счет-фактура №2013 от 08.05.2021)	37000.00	-	37000.00
02.08.2021	Акт №2015 от 12.05.2021 (Счет-фактура №2015 от 12.05.2021)	37000.00	-	37000.00
02.08.2021	Акт №2016 от 15.05.2021 (Счет-фактура №2016 от 15.05.2021)	37000.00	-	37000.00
02.08.2021	Акт №2020 от 16.05.2021 (Счет-фактура №2020 от 16.05.2021)	37000.00	-	37000.00
02.08.2021	Акт №2022 от 06.05.2021 (Счет-фактура №2022 от 06.05.2021)	37000.00	-	37000.00
02.08.2021	Акт №2023 от 13.05.2021 (Счет-фактура №2023 от 13.05.2021)	37000.00	-	37000.00
02.08.2021	Акт №2024 от 08.05.2021 (Счет-фактура №2024 от 08.05.2021)	37000.00	-	37000.00
02.08.2021	Акт №2025 от 20.05.2021 (Счет-фактура №2025 от 20.05.2021)	37000.00	-	37000.00
02.08.2021	Акт №2031 от 11.05.2021 (Счет-фактура №2031 от 11.05.2021)	37000.00	-	37000.00
02.08.2021	Акт №2035 от 16.05.2021 (Счет-фактура №2035 от 16.05.2021)	37000.00	-	37000.00
02.08.2021	Акт №2052 от 14.05.2021 (Счет-фактура №2052 от 14.05.2021)	39000.00	-	39000.00
02.08.2021	Акт №2053 от 14.05.2021 (Счет-фактура №2053 от 14.05.2021)	39000.00	-	39000.00
02.08.2021	Акт №2059 от 12.04.2021 (Счет-фактура №2059 от 12.04.2021)	37000.00	-	37000.00
02.08.2021	Акт №2061 от 13.05.2021 (Счет-фактура №2061 от 13.05.2021)	37000.00	-	37000.00
02.08.2021	Акт №2063 от 14.05.2021 (Счет-фактура №2063 от 14.05.2021)	39000.00	-	39000.00
02.08.2021	Акт №2071 от 06.05.2021 (Счет-фактура №2071 от 06.05.2021)	37000.00	-	37000.00
02.08.2021	Акт №2072 от 18.05.2021 (Счет-фактура №2072 от 18.05.2021)	37000.00	-	37000.00
02.08.2021	Акт №2073 от 11.05.2021 (Счет-фактура №2073 от 11.05.2021)	37000.00	-	37000.00
02.08.2021	Акт №2074 от 15.05.2021 (Счет-фактура №2074 от 15.05.2021)	37000.00	-	37000.00
02.08.2021	Акт №2075 от 10.05.2021 (Счет-фактура №2075 от 10.05.2021)	37000.00	-	37000.00
02.08.2021	Акт №2076 от 24.05.2021 (Счет-фактура №2076 от 24.05.2021)	80000.00	-	80000.00
02.08.2021	Акт №2077 от 29.05.2021 (Счет-фактура №2077 от 29.05.2021)	37000.00	-	37000.00
02.08.2021	Акт №2079 от 26.05.2021 (Счет-фактура №2079 от 26.05.2021)	37000.00	-	37000.00
02.08.2021	Акт №2083 от 24.05.2021 (Счет-фактура №2083 от 24.05.2021)	80000.00	-	80000.00
02.08.2021	Акт №2084 от 20.05.2021 (Счет-фактура №2084 от 20.05.2021)	80000.00	-	80000.00
02.08.2021	Акт №2086 от 18.05.2021 (Счет-фактура №2086 от 18.05.2021)	39000.00	-	39000.00
02.08.2021	Акт №2087 от 19.05.2021 (Счет-фактура №2087 от 19.05.2021)	39000.00	-	39000.00
02.08.2021	Акт №2156 от 03.06.2021 (Счет-фактура №2156 от 03.06.2021)	39000.00	-	39000.00
02.08.2021	Акт №2187 от 03.06.2021 (Счет-фактура №2167 от 03.06.2021)	37000.00	-	37000.00
02.08.2021	Акт №2188 от 28.05.2021 (Счет-фактура №2188 от 28.05.2021)	80000.00	-	80000.00
02.08.2021	Акт №2257 от 09.06.2021 (Счет-фактура №2257 от 09.06.2021)	37000.00	-	37000.00
02.08.2021	Акт №2258 от 28.06.2021 (Счет-фактура №2258 от 28.06.2021)	37000.00	-	37000.00
02.08.2021	Акт №2259 от 18.05.2021 (Счет-фактура №2259 от 18.05.2021)	37000.00	-	37000.00
02.08.2021	Акт №2260 от 13.06.2021 (Счет-фактура №2260 от 13.06.2021)	37000.00	-	37000.00
02.08.2021	Акт №2265 от 03.06.2021 (Счет-фактура №2265 от 03.06.2021)	39000.00	-	39000.00
02.08.2021	Акт №2266 от 14.06.2021 (Счет-фактура №2266 от 14.06.2021)	37000.00	-	37000.00
02.08.2021	Акт №2267 от 13.06.2021 (Счет-фактура №2267 от 13.06.2021)	37000.00	-	37000.00
02.08.2021	Акт №2268 от 13.06.2021 (Счет-фактура №2268 от 13.06.2021)	37000.00	-	37000.00
02.08.2021	Акт №2269 от 13.06.2021 (Счет-фактура №2269 от 13.06.2021)	37000.00	-	37000.00
02.08.2021	Акт №2270 от 12.06.2021 (Счет-фактура №2270 от 12.06.2021)	37000.00	-	37000.00
02.08.2021	Акт №2271 от 11.06.2021 (Счет-фактура №2271 от 11.06.2021)	37000.00	-	37000.00
02.08.2021	Акт №2272 от 13.06.2021 (Счет-фактура №2272 от 13.06.2021)	37000.00	-	37000.00
02.08.2021	Акт №2273 от 15.06.2021 (Счет-фактура №2273 от 15.06.2021)	37000.00	-	37000.00
02.08.2021	Акт №2274 от 15.06.2021 (Счет-фактура №2274 от 15.06.2021)	37000.00	-	37000.00
02.08.2021	Акт №2275 от 17.06.2021 (Счет-фактура №2275 от 17.06.2021)	37000.00	-	37000.00
02.08.2021	Акт №2276 от 17.06.2021 (Счет-фактура №2276 от 17.06.2021)	37000.00	-	37000.00
02.08.2021	Акт №2335 от 18.06.2021 (Счет-фактура №2335 от 18.06.2021)	37000.00	-	37000.00
02.08.2021	Акт №2336 от 19.06.2021 (Счет-фактура №2336 от 19.06.2021)	37000.00	-	37000.00
02.08.2021	Акт №2337 от 25.06.2021 (Счет-фактура №2337 от 25.06.2021)	37000.00	-	37000.00
02.08.2021	Акт №2340 от 14.06.2021 (Счет-фактура №2340 от 14.06.2021)	37000.00	-	37000.00
02.08.2021	Акт №2341 от 15.06.2021 (Счет-фактура №2341 от 15.06.2021)	37000.00	-	37000.00
02.08.2021	Акт №2344 от 16.06.2021 (Счет-фактура №2344 от 16.06.2021)	37000.00	-	37000.00
02.08.2021	Акт №2345 от 21.06.2021 (Счет-фактура №2345 от 21.06.2021)	37000.00	-	37000.00
02.08.2021	Акт №2346 от 18.06.2021 (Счет-фактура №2346 от 18.06.2021)	37000.00	-	37000.00
02.08.2021	Акт №2348 от 21.06.2021 (Счет-фактура №2348 от 21.06.2021)	37000.00	-	37000.00
02.08.2021	Акт №2349 от 12.06.2021 (Счет-фактура №2349 от 12.06.2021)	37000.00	-	37000.00
02.08.2021	Акт №2350 от 17.06.2021 (Счет-фактура №2350 от 17.06.2021)	37000.00	-	37000.00
02.08.2021	Акт №2351 от 18.06.2021 (Счет-фактура №2351 от 18.06.2021)	37000.00	-	37000.00
02.08.2021	Акт №2352 от 18.06.2021 (Счет-фактура №2352 от 18.06.2021)	37000.00	-	37000.00
02.08.2021	Акт №2354 от 19.06.2021 (Счет-фактура №2354 от 19.06.2021)	37000.00	-	37000.00
02.08.2021	Акт №2355 от 21.06.2021 (Счет-фактура №2355 от 21.06.2021)	37000.00	-	37000.00
02.08.2021	Акт №2424 от 24.06.2021 (Счет-фактура №2424 от 24.06.2021)	37000.00	-	37000.00
02.08.2021	Акт №2425 от 24.06.2021 (Счет-фактура №2425 от 24.06.2021)	37000.00	-	37000.00
02.08.2021	Акт №2426 от 23.06.2021 (Счет-фактура №2426 от 23.06.2021)	37000.00	-	37000.00
02.08.2021	Акт №2427 от 23.06.2021 (Счет-фактура №2427 от 23.06.2021)	37000.00	-	37000.00
02.08.2021	Акт №2428 от 22.06.2021 (Счет-фактура №2428 от 22.06.2021)	37000.00	-	37000.00
02.08.2021	Акт №2429 от 22.06.2021 (Счет-фактура №2429 от 22.06.2021)	37000.00	-	37000.00
02.08.2021	Акт №2432 от 20.06.2021 (Счет-фактура №2432 от 20.06.2021)	37000.00	-	37000.00
02.08.2021	Акт №2433 от 20.06.2021 (Счет-фактура №2433 от 20.06.2021)	37000.00	-	37000.00
02.08.2021	Акт №2434 от 14.06.2021 (Счет-фактура №2434 от 14.06.2021)	37000.00	-	37000.00
02.08.2021	Акт №2439 от 28.06.2021 (Счет-фактура №2439 от 28.06.2021)	37000.00	-	37000.00
02.08.2021	Акт №2444 от 27.06.2021 (Счет-фактура №2444 от 27.06.2021)	37000.00	-	37000.00
02.08.2021	Акт №2446 от 30.06.2021 (Счет-фактура №2446 от 30.06.2021)	37000.00	-	37000.00
02.08.2021	Акт №2447 от 30.06.2021 (Счет-фактура №2447 от 30.06.2021)	37000.00	-	37000.00
02.08.2021	Акт №2450 от 29.06.2021 (Счет-фактура №2450 от 29.06.2021)	37000.00	-	37000.00
02.08.2021	Акт №2451 от 26.06.2021 (Счет-фактура №2451 от 26.06.2021)	37000.00	-	37000.00
02.08.2021	Акт №2452 от 29.06.2021 (Счет-фактура №2452 от 29.06.2021)	37000.00	-	37000.00
02.08.2021	Акт №2453 от 23.06.2021 (Счет-фактура №2453 от 23.06.2021)	37000.00	-	37000.00
02.08.2021	Акт №2454 от 20.06.2021 (Счет-фактура №2454 от 20.06.2021)	37000.00	-	37000.00
02.08.2021	Акт №2455 от 13.06.2021 (Счет-фактура №2455 от 13.06.2021)	37000.00	-	37000.00
02.08.2021	Акт №2457 от 24.04.2021 (Счет-фактура №2457 от 24.04.2021)	37000.00	-	37000.00
02.08.2021	Акт №2458 от 01.05.2021 (Счет-фактура №2458 от 01.05.2021)	37000.00	-	37000.00
02.08.2021	Акт №2459 от 30.04.2021 (Счет-фактура №2459 от 30.04.2021)	37000.00	-	37000.00
02.08.2021	Акт №2461 от 25.06.2021 (Счет-фактура №2461 от 25.06.2021)	37000.00	-	37000.00
02.08.2021	Акт №2463 от 15.06.2021 (Счет-фактура №2463 от 15.06.2021)	37000.00	-	37000.00
02.08.2021	Акт №2464 от 29.06.2021 (Счет-фактура №2464 от 29.06.2021)	37000.00	-	37000.00
02.08.2021	Акт №2466 от 27.06.2021 (Счет-фактура №2466 от 27.06.2021)	37000.00	-	37000.00
02.08.2021	Акт №2467 от 27.06.2021 (Счет-фактура №2467 от 27.06.2021)	37000.00	-	37000.00
02.08.2021	Акт №2481 от 01.07.2021 (Счет-фактура №2481 от 01.07.2021)	37000.00	-	37000.00
02.08.2021	Акт №687 от 28.02.2021 (Счет-фактура №687 от 28.02.2021)	37000.00	-	37000.00
02.08.2021	Акт №695 от 01.03.2021 (Счет-фактура №695 от 01.03.2021)	35000.00	-	35000.00
02.08.2021	Акт №700 от 01.03.2021 (Счет-фактура №700 от 01.03.2021)	80000.00	-	80000.00
02.08.2021	Акт №790 от 24.02.2021 (Счет-фактура №790 от 24.02.2021)	37000.00	-	37000.00
02.08.2021	Акт №791 от 24.02.2021 (Счет-фактура №791 от 24.02.2021)	35000.00	-	35000.00
02.08.2021	Акт №792 от 14.02.2021 (Счет-фактура №792 от 21.02.2021)	37000.00	-	37000.00
02.08.2021	Акт №793 от 21.02.2021 (Счет-фактура №793 от 21.02.2021)	35000.00	-	35000.00
02.08.2021	Акт №794 от 28.02.2021 (Счет-фактура №794 от 28.02.2021)	35000.00	-	35000.00
02.08.2021	Акт №795 от 27.02.2021 (Счет-фактура №795 от 27.02.2021)	35000.00	-	35000.00
02.08.2021	Акт №796 от 28.02.2021 (Счет-фактура №796 от 28.02.2021)	35000.00	-	35000.00
02.08.2021	Акт №797 от 26.02.2021 (Счет-фактура №797 от 26.02.2021)	37000.00	-	37000.00
02.08.2021	Акт №798 от 22.02.2021 (Счет-фактура №798 от 22.02.2021)	35000.00	-	35000.00
02.08.2021	Акт №799 от 18.02.2021 (Счет-фактура №799 от 14.02.2021)	37000.00	-	37000.00
02.08.2021	Акт №800 от 14.02.2021 (Счет-фактура №800 от 14.02.2021)	37000.00	-	37000.00
02.08.2021	Акт №802 от 27.02.2021 (Счет-фактура №802 от 27.02.2021)	35000.00	-	35000.00
02.08.2021	Акт №803 от 28.02.2021 (Счет-фактура №803 от 28.02.2021)	35000.00	-	35000.00
02.08.2021	Акт №804 от 28.02.2021 (Счет-фактура №804 от 28.02.2021)	35000.00	-	35000.00
02.08.2021	Акт №805 от 09.02.2021 (Счет-фактура №807 от 09.02.2021)	35000.00	-	35000.00
02.08.2021	Акт №808 от 23.02.2021 (Счет-фактура №809 от 23.02.2021)	37000.00	-	37000.00
02.08.2021	Акт №810 от 23.02.2021 (Счет-фактура №811 от 24.02.2021)	37000.00	-	37000.00
02.08.2021	Акт №812 от 24.02.2021 (Счет-фактура №814 от 23.02.2021)	35000.00	-	35000.00
02.08.2021	Акт №815 от 23.02.2021 (Счет-фактура №816 от 28.02.2021)	35000.00	-	35000.00
02.08.2021	Акт №817 от 28.02.2021 (Счет-фактура №818 от 23.02.2021)	35000.00	-	35000.00
02.08.2021	Акт №819 от 12.02.2021 (Счет-фактура №820 от 12.02.2021)	35000.00	-	35000.00
02.08.2021	Акт №822 от 16.02.2021 (Счет-фактура №823 от 20.02.2021)	35000.00	-	35000.00
02.08.2021	Акт №824 от 20.02.2021 (Счет-фактура №825 от 21.02.2021)	80000.00	-	80000.00
02.08.2021	Акт №826 от 19.02.2021 (Счет-фактура №827 от 19.02.2021)	35000.00	-	35000.00
02.08.2021	Акт №828 от 19.02.2021 (Счет-фактура №829 от 24.02.2021)	35000.00	-	35000.00
02.08.2021	Акт №830 от 01.03.2021 (Счет-фактура №835 от 04.03.2021)	35000.00	-	35000.00
02.08.2021	Акт №837 от 04.03.2021 (Счет-фактура №838 от 05.03.2021)	37000.00	-	37000.00
02.08.2021	Акт №839 от 05.03.2021 (Счет-фактура №840 от 06.03.2021)	35000.00	-	35000.00
02.08.2021	Акт №841 от 04.03.2021 (Счет-фактура №843 от 11.02.2021)	35000.00	-	35000.00
02.08.2021	Акт №844 от 11.02.2021 (Счет-фактура №845 от 13.02.2021)	35000.00	-	35000.00
02.08.2021	Акт №846 от 13.02.2021 (Счет-фактура №847 от 12.02.2021)	35000.00	-	35000.00
02.08.2021	Акт №858 от 12.02.2021 (Счет-фактура №860 от 12.02.2021)	35000.00	-	35000.00
02.08.2021	Акт №869 от 26.02.2021 (Счет-фактура №870 от 26.02.2021)	35000.00	-	35000.00
02.08.2021	Акт №872 от 13.03.2021 (Счет-фактура №873 от 05.03.2021)	35000.00	-	35000.00
02.08.2021	Акт №874 от 05.03.2021 (Счет-фактура №875 от 05.03.2021)	35000.00	-	35000.00
02.08.2021	Акт №876 от 21.02.2021 (Счет-фактура №877 от 20.02.2021)	37000.00	-	37000.00
02.08.2021	Акт №878 от 19.02.2021 (Счет-фактура №879 от 28.02.2021)	35000.00	-	35000.00
02.08.2021	Акт №880 от 28.02.2021 (Счет-фактура №881 от 23.02.2021)	35000.00	-	35000.00
02.08.2021	Акт №882 от 24.02.2021 (Счет-фактура №883 от 01.03.2021)	35000.00	-	35000.00
02.08.2021	Акт №884 от 21.02.2021 (Счет-фактура №885 от 22.02.2021)	37000.00	-	37000.00
02.08.2021	Акт №886 от 22.02.2021 (Счет-фактура №887 от 23.02.2021)	35000.00	-	35000.00
02.08.2021	Акт №890 от 03.03.2021 (Счет-фактура №891 от 07.03.2021)	37000.00	-	37000.00
02.08.2021	Акт №892 от 02.03.2021 (Счет-фактура №893 от 02.03.2021)	37000.00	-	37000.00
02.08.2021	Акт №894 от 05.03.2021 (Счет-фактура №895 от 12.03.2021)	35000.00	-	35000.00
02.08.2021	Акт №896 от 07.03.2021 (Счет-фактура №897 от 06.03.2021)	35000.00	-	35000.00
02.08.2021	Акт №898 от 06.03.2021 (Счет-фактура №899 от 03.03.2021)	37000.00	-	37000.00
02.08.2021	Акт №906 от 04.03.2021 (Счет-фактура №907 от 06.03.2021)	37000.00	-	37000.00
02.08.2021	Акт №909 от 06.03.2021 (Счет-фактура №913 от 07.03.2021)	35000.00	-	35000.00
02.08.2021	Акт №918 от 11.03.2021 (Счет-фактура №920 от 05.03.2021)	35000.00	-	35000.00
02.08.2021	Акт №922 от 13.03.2021 (Счет-фактура №924 от 12.03.2021)	37000.00	-	37000.00
02.08.2021	Акт №927 от 06.03.2021 (Счет-фактура №928 от 08.03.2021)	35000.00	-	35000.00
02.08.2021	Акт №929 от 09.03.2021 (Счет-фактура №930 от 09.03.2021)	35000.00	-	35000.00
02.08.2021	Акт №933 от 06.03.2021 (Счет-фактура №934 от 08.03.2021)	35000.00	-	35000.00
02.08.2021	Акт №938 от 08.03.2021 (Счет-фактура №939 от 09.03.2021)	35000.00	-	35000.00
02.08.2021	Акт №940 от 07.03.2021 (Счет-фактура №941 от 06.03.2021)	37000.00	-	37000.00
02.08.2021	Акт №942 от 09.03.2021 (Счет-фактура №943 от 14.03.2021)	35000.00	-	35000.00
02.08.2021	Акт №944 от 14.03.2021 (Счет-фактура №945 от 14.03.2021)	35000.00	-	35000.00
02.08.2021	Акт №947 от 14.03.2021 (Счет-фактура №948 от 13.03.2021)	35000.00	-	35000.00
02.08.2021	Акт №985 от 21.01.2021 (Счет-фактура №986 от 20.01.2021)	35000.00	-	35000.00
02.08.2021	Акт №987 от 27.02.2021 (Счет-фактура №988 от 03.03.2021)	35000.00	-	35000.00
02.08.2021	Акт №989 от 03.03.2021 (Счет-фактура №991 от 05.03.2021)	35000.00	-	35000.00
02.08.2021	Акт №992 от 07.03.2021 (Счет-фактура №993 от 09.03.2021)	35000.00	-	35000.00
02.08.2021	Акт №994 от 06.03.2021 (Счет-фактура №994 от 06.03.2021)	35000.00	-	35000.00
03.08.2021	Акт №1023 от 18.03.2021 (Счет-фактура №1023 от 18.03.2021)	37000.00	-	37000.00
03.08.2021	Акт №1032 от 22.03.2021 (Счет-фактура №1032 от 22.03.2021)	78000.00	-	78000.00
03.08.2021	Акт №1034 от 22.03.2021 (Счет-фактура №1034 от 22.03.2021)	75000.00	-	75000.00
03.08.2021	Акт №1051 от 23.02.2021 (Счет-фактура №1051 от 23.02.2021)	80000.00	-	80000.00
03.08.2021	Акт №1074 от 18.03.2021 (Счет-фактура №1074 от 18.03.2021)	80000.00	-	80000.00
03.08.2021	Акт №1078 от 25.03.2021 (Счет-фактура №1078 от 25.03.2021)	37000.00	-	37000.00
03.08.2021	Акт №1080 от 25.03.2021 (Счет-фактура №1080 от 25.03.2021)	37000.00	-	37000.00
03.08.2021	Акт №1083 от 28.03.2021 (Счет-фактура №1083 от 28.03.2021)	39000.00	-	39000.00
03.08.2021	Акт №1092 от 29.03.2021 (Счет-фактура №1092 от 29.03.2021)	37000.00	-	37000.00
03.08.2021	Акт №1095 от 29.03.2021 (Счет-фактура №1095 от 29.03.2021)	37000.00	-	37000.00
03.08.2021	Акт №1184 от 24.03.2021 (Счет-фактура №1184 от 24.03.2021)	37000.00	-	37000.00
03.08.2021	Акт №1215 от 29.03.2021 (Счет-фактура №1215 от 29.03.2021)	80000.00	-	80000.00
03.08.2021	Акт №1217 от 31.03.2021 (Счет-фактура №1217 от 31.03.2021)	72301.37	-	72301.37
03.08.2021	Акт №1218 от 07.04.2021 (Счет-фактура №1219 от 07.04.2021)	39000.00	-	39000.00
03.08.2021	Акт №1221 от 05.04.2021 (Счет-фактура №1222 от 05.04.2021)	39000.00	-	39000.00
03.08.2021	Акт №1224 от 05.04.2021 (Счет-фактура №1225 от 04.04.2021)	37000.00	-	37000.00
03.08.2021	Акт №1288 от 30.03.2021 (Счет-фактура №1288 от 30.03.2021)	37000.00	-	37000.00
03.08.2021	Акт №1298 от 21.03.2021 (Счет-фактура №1298 от 21.03.2021)	145000.00	-	145000.00
03.08.2021	Акт №1315 от 10.04.2021 (Счет-фактура №1315 от 10.04.2021)	75000.00	-	75000.00
03.08.2021	Акт №1317 от 07.04.2021 (Счет-фактура №1317 от 07.04.2021)	75000.00	-	75000.00
03.08.2021	Акт №1318 от 05.04.2021 (Счет-фактура №1318 от 05.04.2021)	37000.00	-	37000.00
03.08.2021	Акт №1319 от 07.04.2021 (Счет-фактура №1319 от 07.04.2021)	150000.00	-	150000.00
03.08.2021	Акт №1324 от 02.04.2021 (Счет-фактура №1324 от 02.04.2021)	39000.00	-	39000.00
03.08.2021	Акт №1332 от 11.04.2021 (Счет-фактура №1332 от 11.04.2021)	85000.00	-	85000.00
03.08.2021	Акт №1337 от 01.04.2021 (Счет-фактура №1337 от 01.04.2021)	37000.00	-	37000.00
03.08.2021	Акт №1375 от 16.04.2021 (Счет-фактура №1375 от 16.04.2021)	39000.00	-	39000.00
03.08.2021	Акт №1378 от 19.04.2021 (Счет-фактура №1378 от 19.04.2021)	39000.00	-	39000.00
03.08.2021	Акт №1379 от 16.04.2021 (Счет-фактура №1379 от 16.04.2021)	80000.00	-	80000.00
03.08.2021	Акт №1380 от 20.04.2021 (Счет-фактура №1380 от 20.04.2021)	20000.00	-	20000.00
03.08.2021	Акт №1383 от 15.04.2021 (Счет-фактура №1383 от 15.04.2021)	75000.00	-	75000.00
03.08.2021	Акт №1388 от 13.04.2021 (Счет-фактура №1388 от 13.04.2021)	145000.00	-	145000.00
03.08.2021	Акт №1401 от 21.04.2021 (Счет-фактура №1401 от 21.04.2021)	39000.00	-	39000.00
03.08.2021	Акт №1402 от 19.04.2021 (Счет-фактура №1402 от 19.04.2021)	75000.00	-	75000.00
03.08.2021	Акт №1404 от 20.04.2021 (Счет-фактура №1404 от 20.04.2021)	20000.00	-	20000.00
03.08.2021	Акт №1406 от 19.04.2021 (Счет-фактура №1406 от 19.04.2021)	145000.00	-	145000.00
03.08.2021	Акт №1407 от 31.03.2021 (Счет-фактура №1407 от 31.03.2021)	37000.00	-	37000.00
03.08.2021	Акт №1422 от 01.04.2021 (Счет-фактура №1422 от 01.04.2021)	39000.00	-	39000.00
03.08.2021	Акт №1430 от 06.04.2021 (Счет-фактура №1430 от 08.04.2021)	37000.00	-	37000.00
03.08.2021	Акт №1433 от 06.04.2021 (Счет-фактура №1433 от 06.04.2021)	37000.00	-	37000.00
03.08.2021	Акт №1482 от 22.04.2021 (Счет-фактура №1482 от 22.04.2021)	39000.00	-	39000.00
03.08.2021	Акт №1491 от 09.04.2021 (Счет-фактура №1491 от 09.04.2021)	37000.00	-	37000.00
03.08.2021	Акт №1492 от 10.04.2021 (Счет-фактура №1492 от 10.04.2021)	37000.00	-	37000.00
03.08.2021	Акт №1493 от 23.04.2021 (Счет-фактура №1493 от 23.04.2021)	39000.00	-	39000.00
03.08.2021	Акт №1494 от 22.04.2021 (Счет-фактура №1494 от 22.04.2021)	39000.00	-	39000.00
03.08.2021	Акт №1496 от 02.04.2021 (Счет-фактура №1496 от 02.04.2021)	37000.00	-	37000.00
03.08.2021	Акт №1500 от 07.04.2021 (Счет-фактура №1500 от 07.04.2021)	39000.00	-	39000.00
03.08.2021	Акт №1527 от 12.04.2021 (Счет-фактура №1527 от 12.04.2021)	37000.00	-	37000.00
03.08.2021	Акт №1528 от 23.04.2021 (Счет-фактура №1528 от 23.04.2021)	50000.00	-	50000.00
03.08.2021	Акт №1540 от 08.04.2021 (Счет-фактура №1540 от 08.04.2021)	37000.00	-	37000.00
03.08.2021	Акт №1553 от 08.04.2021 (Счет-фактура №1553 от 08.04.2021)	50000.00	-	50000.00
03.08.2021	Акт №1582 от 01.04.2021 (Счет-фактура №1582 от 01.04.2021)	50000.00	-	50000.00
03.08.2021	Акт №1597 от 04.05.2021 (Счет-фактура №1597 от 04.05.2021)	39000.00	-	39000.00
03.08.2021	Акт №1598 от 03.05.2021 (Счет-фактура №1598 от 03.05.2021)	39000.00	-	39000.00
03.08.2021	Акт №1599 от 29.04.2021 (Счет-фактура №1599 от 29.04.2021)	39000.00	-	39000.00
03.08.2021	Акт №1609 от 30.04.2021 (Счет-фактура №1609 от 30.04.2021)	39000.00	-	39000.00
03.08.2021	Акт №1612 от 30.04.2021 (Счет-фактура №1612 от 30.04.2021)	39000.00	-	39000.00
03.08.2021	Акт №1679 от 05.05.2021 (Счет-фактура №1679 от 05.05.2021)	39000.00	-	39000.00
03.08.2021	Акт №1686 от 10.05.2021 (Счет-фактура №1666 от 10.05.2021)	75000.00	-	75000.00
03.08.2021	Акт №1691 от 21.04.2021 (Счет-фактура №1691 от 21.04.2021)	39000.00	-	39000.00
03.08.2021	Акт №1700 от 07.05.2021 (Счет-фактура №1700 от 07.05.2021)	39000.00	-	39000.00
03.08.2021	Акт №1701 от 05.05.2021 (Счет-фактура №1701 от 05.05.2021)	75000.00	-	75000.00
03.08.2021	Акт №1703 от 07.05.2021 (Счет-фактура №1703 от 07.05.2021)	75000.00	-	75000.00
03.08.2021	Акт №1704 от 07.05.2021 (Счет-фактура №1704 от 07.05.2021)	37000.00	-	37000.00
03.08.2021	Акт №1706 от 05.05.2021 (Счет-фактура №1706 от 05.05.2021)	75000.00	-	75000.00
03.08.2021	Акт №1708 от 04.05.2021 (Счет-фактура №1708 от 04.05.2021)	39000.00	-	39000.00
03.08.2021	Акт №1711 от 04.05.2021 (Счет-фактура №1711 от 04.05.2021)	75000.00	-	75000.00
03.08.2021	Акт №1774 от 18.05.2021 (Счет-фактура №1774 от 18.05.2021)	20000.00	-	20000.00
03.08.2021	Акт №1775 от 19.05.2021 (Счет-фактура №1775 от 19.05.2021)	39000.00	-	39000.00
03.08.2021	Акт №1776 от 19.05.2021 (Счет-фактура №1776 от 19.05.2021)	39000.00	-	39000.00
03.08.2021	Акт №1778 от 18.05.2021 (Счет-фактура №1778 от 18.05.2021)	39000.00	-	39000.00
03.08.2021	Акт №1780 от 18.05.2021 (Счет-фактура №1780 от 18.05.2021)	39000.00	-	39000.00
03.08.2021	Акт №1789 от 18.05.2021 (Счет-фактура №1789 от 18.05.2021)	39000.00	-	39000.00
03.08.2021	Акт №1794 от 17.05.2021 (Счет-фактура №1794 от 17.05.2021)	39000.00	-	39000.00
03.08.2021	Акт №1806 от 17.05.2021 (Счет-фактура №1806 от 17.05.2021)	39000.00	-	39000.00
03.08.2021	Акт №1809 от 05.05.2021 (Счет-фактура №1809 от 05.05.2021)	75000.00	-	75000.00
03.08.2021	Акт №1815 от 04.05.2021 (Счет-фактура №1815 от 04.05.2021)	39000.00	-	39000.00
03.08.2021	Акт №1818 от 04.05.2021 (Счет-фактура №1818 от 04.05.2021)	39000.00	-	39000.00
03.08.2021	Акт №1825 от 29.04.2021 (Счет-фактура №1825 от 29.04.2021)	39000.00	-	39000.00
03.08.2021	Акт №1828 от 18.05.2021 (Счет-фактура №1828 от 18.05.2021)	75000.00	-	75000.00
03.08.2021	Акт №1829 от 21.05.2021 (Счет-фактура №1829 от 21.05.2021)	75000.00	-	75000.00
03.08.2021	Акт №1832 от 01.05.2021 (Счет-фактура №1832 от 01.05.2021)	150000.00	-	150000.00
03.08.2021	Акт №1834 от 29.04.2021 (Счет-фактура №1834 от 29.04.2021)	39000.00	-	39000.00
03.08.2021	Акт №1838 от 30.04.2021 (Счет-фактура №1838 от 30.04.2021)	37000.00	-	37000.00
03.08.2021	Акт №1839 от 27.04.2021 (Счет-фактура №1839 от 27.04.2021)	37000.00	-	37000.00
03.08.2021	Акт №1841 от 01.05.2021 (Счет-фактура №1841 от 01.05.2021)	55000.00	-	55000.00
03.08.2021	Акт №1847 от 12.04.2021 (Счет-фактура №1847 от 12.04.2021)	37000.00	-	37000.00
03.08.2021	Акт №1857 от 04.05.2021 (Счет-фактура №1857 от 04.05.2021)	39000.00	-	39000.00
03.08.2021	Акт №1876 от 02.05.2021 (Счет-фактура №1876 от 02.05.2021)	75000.00	-	75000.00
03.08.2021	Акт №1903 от 04.05.2021 (Счет-фактура №1903 от 04.05.2021)	39000.00	-	39000.00
03.08.2021	Акт №1911 от 13.05.2021 (Счет-фактура №1911 от 13.05.2021)	39000.00	-	39000.00
03.08.2021	Акт №2189 от 08.06.2021 (Счет-фактура №2189 от 08.06.2021)	39000.00	-	39000.00
03.08.2021	Акт №2190 от 29.05.2021 (Счет-фактура №2190 от 29.05.2021)	50000.00	-	50000.00
03.08.2021	Акт №2252 от 07.06.2021 (Счет-фактура №2252 от 07.06.2021)	39000.00	-	39000.00
03.08.2021	Акт №2253 от 07.06.2021 (Счет-фактура №2253 от 07.06.2021)	39000.00	-	39000.00
03.08.2021	Акт №2254 от 07.06.2021 (Счет-фактура №2254 от 07.06.2021)	39000.00	-	39000.00
03.08.2021	Акт №2255 от 07.06.2021 (Счет-фактура №2255 от 07.06.2021)	39000.00	-	39000.00
03.08.2021	Акт №2256 от 11.06.2021 (Счет-фактура №2256 от 11.06.2021)	75127.20	-	75127.20
03.08.2021	Акт №2261 от 08.06.2021 (Счет-фактура №2261 от 08.06.2021)	39000.00	-	39000.00
03.08.2021	Акт №2262 от 04.06.2021 (Счет-фактура №2262 от 04.06.2021)	39000.00	-	39000.00
03.08.2021	Акт №2264 от 04.06.2021 (Счет-фактура №2264 от 04.06.2021)	39000.00	-	39000.00
03.08.2021	Акт №2338 от 08.06.2021 (Счет-фактура №2338 от 08.06.2021)	39000.00	-	39000.00
03.08.2021	Акт №2449 от 08.06.2021 (Счет-фактура №2449 от 08.06.2021)	39000.00	-	39000.00
03.08.2021	Акт №2472 от 12.07.2021 (Счет-фактура №2472 от 12.07.2021)	75000.00	-	75000.00
03.08.2021	Акт №2473 от 13.07.2021 (Счет-фактура №2473 от 13.07.2021)	15000.00	-	15000.00
03.08.2021	Акт №2474 от 11.07.2021 (Счет-фактура №2474 от 11.07.2021)	75000.00	-	75000.00
03.08.2021	Акт №2475 от 13.07.2021 (Счет-фактура №2475 от 13.07.2021)	75000.00	-	75000.00
03.08.2021	Акт №2476 от 11.07.2021 (Счет-фактура №2476 от 11.07.2021)	75000.00	-	75000.00
03.08.2021	Акт №997 от 11.03.2021 (Счет-фактура №997 от 11.03.2021)	50000.00	-	50000.00
03.08.2021	Платежное поручение №5047 от 03.08.2021	575000.00	575000.00	-
03.08.2021	Платежное поручение №5049 от 03.08.2021	574000.00	574000.00	-
09.08.2021	Акт №2334 от 18.06.2021 (Счет-фактура №2334 от 18.06.2021)	80000.00	-	80000.00
09.08.2021	Акт №806 от 09.02.2021 (Счет-фактура №806 от 09.02.2021)	80000.00	-	80000.00
18.08.2021	Платежное поручение №5389 от 18.08.2021	396000.00	396000.00	-
18.08.2021	Платежное поручение №5408 от 18.08.2021	559000.00	559000.00	-
18.08.2021	Платежное поручение №5409 от 18.08.2021	539000.00	539000.00	-
24.08.2021	Платежное поручение №5505 от 24.08.2021	876000.00	876000.00	-
27.08.2021	Платежное поручение №5684 от 27.08.2021	608298.00	608298.00	-
31.08.2021	Платежное поручение №5685 от 31.08.2021	1141000.00	1141000.00	-
